num,id,store,business,location,x,y,url
1,8748623,고산의원,병원,제주특별자치도 제주시 한경면 고산로 8,126.179816,33.3016413,http://place.map.kakao.com/8748623
2,8177266,고산경희한의원,병원,제주특별자치도 제주시 한경면 고산로 15,126.1794136,33.30241041,http://place.map.kakao.com/8177266
3,10165506,고산치과,병원,제주특별자치도 제주시 한경면 고산로 8,126.1798106,33.30163496,http://place.map.kakao.com/10165506
4,8748529,고산사랑의원,병원,제주특별자치도 제주시 한경면 고산로 15,126.1793878,33.30242106,http://place.map.kakao.com/8748529
5,8646184,한경의원,병원,제주특별자치도 제주시 한경면 두신로 75,126.1828061,33.34984935,http://place.map.kakao.com/8646184
6,19883168,경희행복한의원,병원,제주특별자치도 제주시 한경면 두신로 79,126.1829926,33.35012827,http://place.map.kakao.com/19883168
7,1468156660,썬플라워의원,병원,제주특별자치도 제주시 한림읍 금능남로 127,126.2410257,33.37851443,http://place.map.kakao.com/1468156660
8,16261337,포도나무치과의원,병원,제주특별자치도 서귀포시 대정읍 신영로 75,126.250818,33.22099902,http://place.map.kakao.com/16261337
9,10163715,고은의원,병원,제주특별자치도 서귀포시 대정읍 상모로 323,126.2549879,33.22209518,http://place.map.kakao.com/10163715
10,8292886,대정의원,병원,제주특별자치도 서귀포시 대정읍 하모상가로 46,126.2537474,33.22164775,http://place.map.kakao.com/8292886
11,8161418,강문보내과의원,병원,제주특별자치도 서귀포시 대정읍 하모상가로 27,126.2517155,33.22166801,http://place.map.kakao.com/8161418
12,358263893,서울삼성재활의학과의원,병원,제주특별자치도 서귀포시 대정읍 하모상가로 49,126.2539751,33.22212517,http://place.map.kakao.com/358263893
13,8999850,모슬포한의원,병원,제주특별자치도 서귀포시 대정읍 신영로94번길 2,126.2528728,33.22054975,http://place.map.kakao.com/8999850
14,1912082690,허미숙한의원,병원,제주특별자치도 서귀포시 대정읍 하모중앙로 48,126.252067,33.22397465,http://place.map.kakao.com/1912082690
15,9996704,중앙의원,병원,제주특별자치도 서귀포시 대정읍 상모로 313,126.2558724,33.22253324,http://place.map.kakao.com/9996704
16,9394926,이승훈 치과의원,병원,제주특별자치도 서귀포시 대정읍 하모상가로 46,126.2537255,33.22170172,http://place.map.kakao.com/9394926
17,25807329,대정연합의원,병원,제주특별자치도 서귀포시 대정읍 하모상가로 46,126.2536963,33.22160056,http://place.map.kakao.com/25807329
18,1083707265,하나신통의원,병원,제주특별자치도 서귀포시 대정읍 신영로 112-1,126.2543167,33.22180985,http://place.map.kakao.com/1083707265
19,877688951,강남정형외과의원,병원,제주특별자치도 서귀포시 대정읍 신영로 75,126.2509059,33.22087603,http://place.map.kakao.com/877688951
20,1611088885,대정한의원,병원,제주특별자치도 서귀포시 대정읍 하모상가로 46,126.2536997,33.22157804,http://place.map.kakao.com/1611088885
21,13296137,새봄한의원,병원,제주특별자치도 서귀포시 대정읍 신영로 108,126.2540761,33.22159202,http://place.map.kakao.com/13296137
22,20495496,백록한의원,병원,제주특별자치도 서귀포시 대정읍 하모상가로 24,126.2513293,33.22141864,http://place.map.kakao.com/20495496
23,1387543206,바다보임치과의원,병원,제주특별자치도 서귀포시 대정읍 하모상가로 49,126.2539752,33.22210714,http://place.map.kakao.com/1387543206
24,12377098,올레한의원,병원,제주특별자치도 서귀포시 대정읍 하모상가로 38-1,126.2528626,33.22124213,http://place.map.kakao.com/12377098
25,8252290,남제주한의원,병원,제주특별자치도 서귀포시 대정읍 하모상가로 37,126.2528205,33.22165662,http://place.map.kakao.com/8252290
26,10123506,강부협치과의원,병원,제주특별자치도 서귀포시 대정읍 하모중앙로 75,126.2522737,33.22137203,http://place.map.kakao.com/10123506
27,14736001,서울아이치과의원,병원,제주특별자치도 서귀포시 대정읍 신영로 108,126.2540954,33.22159574,http://place.map.kakao.com/14736001
28,268249654,해송당한의원,병원,제주특별자치도 제주시 한림읍 한근길 22,126.2590431,33.4123166,http://place.map.kakao.com/268249654
29,981757592,하나로한의원,병원,제주특별자치도 서귀포시 대정읍 일주서로 2460,126.2641991,33.23404408,http://place.map.kakao.com/981757592
30,1544032953,저지한의원,병원,제주특별자치도 제주시 한경면 녹차분재로 607-1,126.2617103,33.32275464,http://place.map.kakao.com/1544032953
31,704701476,건강한한림연합내과의원,병원,제주특별자치도 제주시 한림읍 한림중앙로 71,126.2667161,33.40868732,http://place.map.kakao.com/704701476
32,1981955007,한림본정형외과의원,병원,제주특별자치도 제주시 한림읍 한림상로 116,126.265478,33.40992329,http://place.map.kakao.com/1981955007
33,1516699343,한림윤패밀리의원,병원,제주특별자치도 제주시 한림읍 한림상로 98-1,126.2641076,33.40900096,http://place.map.kakao.com/1516699343
34,9608247,한림이비인후과,병원,제주특별자치도 제주시 한림읍 명랑로 6,126.2655006,33.41465315,http://place.map.kakao.com/9608247
35,13553794,제주대림요양병원,병원,제주특별자치도 제주시 한림읍 한수풀로 58,126.2690664,33.41814352,http://place.map.kakao.com/13553794
36,279147298,한림김안과의원,병원,제주특별자치도 제주시 한림읍 명랑로 13,126.266403,33.41473062,http://place.map.kakao.com/279147298
37,1727830249,매일미소치과의원,병원,제주특별자치도 제주시 한림읍 한림로 638,126.2618601,33.41315835,http://place.map.kakao.com/1727830249
38,11212741,한수풀의원,병원,제주특별자치도 제주시 한림읍 한림로 681,126.2649009,33.41564134,http://place.map.kakao.com/11212741
39,25529192,탑정형외과의원,병원,제주특별자치도 제주시 한림읍 한림로 671,126.264703,33.41488644,http://place.map.kakao.com/25529192
40,10947265,한림의원,병원,제주특별자치도 제주시 한림읍 한림중앙로 29,126.2651906,33.41213769,http://place.map.kakao.com/10947265
41,1404509971,시원의원,병원,제주특별자치도 제주시 한림읍 한림중앙로 46,126.265246,33.41067023,http://place.map.kakao.com/1404509971
42,9566861,한림치과의원,병원,제주특별자치도 제주시 한림읍 한림로 664,126.2640646,33.41435974,http://place.map.kakao.com/9566861
43,2072740190,한림산치과의원,병원,제주특별자치도 제주시 한림읍 한림로 665-1,126.2642402,33.41469617,http://place.map.kakao.com/2072740190
44,11462851,김수로의원,병원,제주특별자치도 제주시 한림읍 한림로 672,126.2649683,33.41466713,http://place.map.kakao.com/11462851
45,861875128,한림본치과의원,병원,제주특별자치도 제주시 한림읍 한림중앙로 29,126.2651861,33.41217012,http://place.map.kakao.com/861875128
46,1848217386,김선욱한의원,병원,제주특별자치도 제주시 한림읍 한림로 645,126.2622952,33.41382631,http://place.map.kakao.com/1848217386
47,10590236,아침한의원,병원,제주특별자치도 제주시 한림읍 한림중앙로 31,126.2652463,33.41191442,http://place.map.kakao.com/10590236
48,22541978,박치과의원,병원,제주특별자치도 제주시 한림읍 한림로 672,126.2649715,33.41466444,http://place.map.kakao.com/22541978
49,9610597,한림한의원,병원,제주특별자치도 제주시 한림읍 명랑로 6,126.2654963,33.41464952,http://place.map.kakao.com/9610597
50,10424224,문의원,병원,제주특별자치도 제주시 한림읍 한림로 652,126.2628715,33.41382252,http://place.map.kakao.com/10424224
51,10204808,김보성치과의원,병원,제주특별자치도 제주시 한림읍 한림중앙로 4,126.2645775,33.41447818,http://place.map.kakao.com/10204808
52,9476462,탐라의원,병원,제주특별자치도 제주시 한림읍 한림로 684,126.2652894,33.41572299,http://place.map.kakao.com/9476462
53,1585659608,한수풀치과의원,병원,제주특별자치도 제주시 한림읍 명랑로 4,126.2652729,33.41461844,http://place.map.kakao.com/1585659608
54,9736493,김의원,병원,제주특별자치도 제주시 한림읍 사가길 1,126.2639951,33.41469832,http://place.map.kakao.com/9736493
55,9722403,나우리제통의원,병원,제주특별자치도 제주시 한림읍 한림북동길 7,126.2639433,33.41573664,http://place.map.kakao.com/9722403
56,1991657776,엔젤산부인과,병원,제주특별자치도 서귀포시 대정읍 에듀시티로239번길 12,126.2750918,33.27925891,http://place.map.kakao.com/1991657776
57,100414659,동가원한의원,병원,제주특별자치도 서귀포시 대정읍 글로벌에듀로 382,126.2771762,33.2798057,http://place.map.kakao.com/100414659
58,595624854,아산수의원,병원,제주특별자치도 서귀포시 대정읍 에듀시티로239번길 16,126.2752046,33.27951111,http://place.map.kakao.com/595624854
59,511618794,카멜리아의원,병원,제주특별자치도 서귀포시 대정읍 영어도시로 60,126.2794116,33.27751507,http://place.map.kakao.com/511618794
60,699196430,제라진치과의원,병원,제주특별자치도 서귀포시 대정읍 글로벌에듀로 396,126.2761587,33.27940758,http://place.map.kakao.com/699196430
61,1962272347,더치과의윈,병원,제주특별자치도 서귀포시 대정읍 에듀시티로 148,126.276543,33.28434431,http://place.map.kakao.com/1962272347
62,1411802037,아산본정형외과의원,병원,제주특별자치도 서귀포시 대정읍 중산간서로 2274,126.2853702,33.28079165,http://place.map.kakao.com/1411802037
63,1578543852,이스톤의원,병원,제주특별자치도 서귀포시 대정읍 에듀시티로 102,126.2803435,33.28691522,http://place.map.kakao.com/1578543852
64,626677477,비포앤애프터의원 제주점,병원,제주특별자치도 서귀포시 안덕면 신화역사로304번길 38,126.3163542,33.30497395,http://place.map.kakao.com/626677477
65,442980518,애월정의원,병원,제주특별자치도 제주시 애월읍 애월로 109,126.3191871,33.46486589,http://place.map.kakao.com/442980518
66,11100367,애월한의원,병원,제주특별자치도 제주시 애월읍 애월로 105,126.318574,33.46486253,http://place.map.kakao.com/11100367
67,7953039,성이시돌 복지의원,병원,제주특별자치도 제주시 한림읍 산록남로 50,126.3211392,33.34425245,http://place.map.kakao.com/7953039
68,7990072,애월의원,병원,제주특별자치도 제주시 애월읍 애월로11길 6-2,126.3206071,33.46485565,http://place.map.kakao.com/7990072
69,1327975030,연세애월치과,병원,제주특별자치도 제주시 애월읍 애원로 41,126.3217718,33.46034058,http://place.map.kakao.com/1327975030
70,8001191,안덕의원,병원,제주특별자치도 서귀포시 안덕면 화순로 112,126.3342691,33.24661427,http://place.map.kakao.com/8001191
71,11303376,경희한의원,병원,제주특별자치도 서귀포시 안덕면 화순중앙로 47,126.3359193,33.24804043,http://place.map.kakao.com/11303376
72,9918899,안덕치과의원,병원,제주특별자치도 서귀포시 안덕면 화순로 101,126.3356775,33.24652443,http://place.map.kakao.com/9918899
73,25489724,송악의원,병원,제주특별자치도 서귀포시 안덕면 화순중앙로 45,126.3361027,33.24818928,http://place.map.kakao.com/25489724
74,26616771,명한의원,병원,제주특별자치도 서귀포시 안덕면 화순로 125,126.3329498,33.24626098,http://place.map.kakao.com/26616771
75,2004231351,생생가정의학과의원,병원,제주특별자치도 서귀포시 안덕면 화순로 132,126.3323091,33.24654967,http://place.map.kakao.com/2004231351
76,14624219,제주말전문병원,병원,제주특별자치도 제주시 한림읍 광산로 782-79,126.3376609,33.35046174,http://place.map.kakao.com/14624219
77,1690620542,연세우리동네치과의원,병원,제주특별자치도 제주시 애월읍 일주서로 6689,126.3668114,33.47141588,http://place.map.kakao.com/1690620542
78,578427728,제주소년원부속의원,병원,제주특별자치도 제주시 애월읍 장소로 515,126.3852907,33.4097399,http://place.map.kakao.com/578427728
79,393823453,소길의원,병원,제주특별자치도 제주시 애월읍 평화로 2072,126.3880622,33.40635638,http://place.map.kakao.com/393823453
80,10879583,하귀의원,병원,제주특별자치도 제주시 애월읍 하귀로 83,126.4054723,33.48207749,http://place.map.kakao.com/10879583
81,9539429,하동바툼낭의원,병원,제주특별자치도 제주시 애월읍 하귀로 35,126.4010167,33.48023844,http://place.map.kakao.com/9539429
82,9590469,하귀치과의원,병원,제주특별자치도 제주시 애월읍 하귀로 38,126.4012212,33.48006812,http://place.map.kakao.com/9590469
83,9605433,e조은치과,병원,제주특별자치도 제주시 애월읍 하귀로 83,126.405481,33.48207032,http://place.map.kakao.com/9605433
84,482214832,김철우 한의원,병원,제주특별자치도 제주시 애월읍 하귀로 48,126.402362,33.48016379,http://place.map.kakao.com/482214832
85,9516417,하나로한의원,병원,제주특별자치도 제주시 애월읍 하귀로 70,126.4044676,33.48110617,http://place.map.kakao.com/9516417
86,10438199,삼다중앙의원,병원,제주특별자치도 제주시 애월읍 하귀로 41-1,126.4017744,33.48034668,http://place.map.kakao.com/10438199
87,1383476350,하귀튼튼의원,병원,제주특별자치도 제주시 애월읍 하귀9길 1,126.4149693,33.48673972,http://place.map.kakao.com/1383476350
88,26434458,수한의원,병원,제주특별자치도 제주시 애월읍 하광로 2,126.41077,33.48495001,http://place.map.kakao.com/26434458
89,8131296,하귀하나로의원,병원,제주특별자치도 제주시 애월읍 일주서로 7136,126.4121638,33.48505039,http://place.map.kakao.com/8131296
90,14744990,하나로치과,병원,제주특별자치도 제주시 애월읍 일주서로 7136,126.4121788,33.48505587,http://place.map.kakao.com/14744990
91,27136484,중문신내과의원,병원,제주특별자치도 서귀포시 중문로 1,126.4230072,33.25198408,http://place.map.kakao.com/27136484
92,10000520,중문의원,병원,제주특별자치도 서귀포시 중문상로 36,126.4254531,33.25143639,http://place.map.kakao.com/10000520
93,10788979,중문삼성연합의원,병원,제주특별자치도 서귀포시 중문로 7,126.4231873,33.25266293,http://place.map.kakao.com/10788979
94,1885213524,이편한치과의원,병원,제주특별자치도 서귀포시 천제연로 200,126.4260665,33.25150775,http://place.map.kakao.com/1885213524
95,10000524,중문 한의원,병원,제주특별자치도 서귀포시 천제연로 182,126.4239193,33.2516529,http://place.map.kakao.com/10000524
96,10035570,파티마의원,병원,제주특별자치도 서귀포시 천제연로 209,126.4269791,33.25175359,http://place.map.kakao.com/10035570
97,9448080,제중당한의원,병원,제주특별자치도 서귀포시 중문로 7,126.4230283,33.25269465,http://place.map.kakao.com/9448080
98,27214639,중문유앤이한의원,병원,제주특별자치도 서귀포시 천제연로 206,126.4265773,33.25149568,http://place.map.kakao.com/27214639
99,10784874,중문치과의원,병원,제주특별자치도 서귀포시 천제연로 182,126.4239837,33.25166041,http://place.map.kakao.com/10784874
100,18666333,중문미담치과,병원,제주특별자치도 서귀포시 천제연로 185,126.4245146,33.25185762,http://place.map.kakao.com/18666333
101,9068824,백상치과의원,병원,제주특별자치도 서귀포시 중문로 1,126.4230069,33.25202014,http://place.map.kakao.com/9068824
102,9370524,원치과의원,병원,제주특별자치도 서귀포시 중문로 7,126.4231872,33.25267375,http://place.map.kakao.com/9370524
103,739323119,생생한의원,병원,제주특별자치도 서귀포시 대포중앙로 14,126.4330434,33.24989519,http://place.map.kakao.com/739323119
104,638048356,제주새로운내과의원,병원,제주특별자치도 제주시 우정로 69,126.4311183,33.48663459,http://place.map.kakao.com/638048356
105,793900654,외도굿모닝이비인후과의원,병원,제주특별자치도 제주시 우평로 338,126.4305357,33.48424721,http://place.map.kakao.com/793900654
106,610155483,연세차내과의원,병원,제주특별자치도 제주시 우평로 338,126.4306241,33.48421876,http://place.map.kakao.com/610155483
107,550153698,구구정형외과의원,병원,제주특별자치도 제주시 우정로 55,126.4311224,33.48797887,http://place.map.kakao.com/550153698
108,10704161,우리소아청소년과,병원,제주특별자치도 제주시 우정로15길 5,126.4317287,33.48608471,http://place.map.kakao.com/10704161
109,24710286,외도하나의원,병원,제주특별자치도 제주시 우정로 69,126.4311397,33.48665542,http://place.map.kakao.com/24710286
110,10079644,강형윤가정의학과의원,병원,제주특별자치도 제주시 우정로 59,126.431049,33.48752594,http://place.map.kakao.com/10079644
111,17360008,꾸러기 소아청소년과의원,병원,제주특별자치도 제주시 우정로 63,126.4311451,33.4871423,http://place.map.kakao.com/17360008
112,19305192,참사랑소아청소년과,병원,제주특별자치도 제주시 우정로 56,126.4307157,33.48797701,http://place.map.kakao.com/19305192
113,2144480470,제주늘푸른치과,병원,제주특별자치도 제주시 우정로 52,126.4307556,33.48813226,http://place.map.kakao.com/2144480470
114,1133474544,연세외도정형외과의원,병원,제주특별자치도 제주시 절물1길 40,126.4314485,33.48945897,http://place.map.kakao.com/1133474544
115,8638017,강한의원,병원,제주특별자치도 제주시 우정로 52,126.4307557,33.48811243,http://place.map.kakao.com/8638017
116,9278886,푸르내 가정의학과의원,병원,제주특별자치도 제주시 우정로 70,126.4306449,33.4866243,http://place.map.kakao.com/9278886
117,11024485,남도의원,병원,제주특별자치도 제주시 우정로 65,126.4311253,33.48687895,http://place.map.kakao.com/11024485
118,1603970023,외도행복치과의원,병원,제주특별자치도 제주시 우정로15길 1,126.4310263,33.48622935,http://place.map.kakao.com/1603970023
119,87986404,배진성마취통증의학과의원,병원,제주특별자치도 제주시 우정로15길 5,126.4317287,33.48609192,http://place.map.kakao.com/87986404
120,10079685,용한의원,병원,제주특별자치도 제주시 우정로 66,126.4306949,33.48688418,http://place.map.kakao.com/10079685
121,16978469,미앤미치과,병원,제주특별자치도 제주시 우정로15길 5,126.4319872,33.48605705,http://place.map.kakao.com/16978469
122,1425427443,양병준한의원,병원,제주특별자치도 제주시 조공포길 42,126.4341231,33.48852275,http://place.map.kakao.com/1425427443
123,672348364,누리한의원,병원,제주특별자치도 제주시 우정로13길 3,126.4314209,33.48709669,http://place.map.kakao.com/672348364
124,428052721,원치과의원,병원,제주특별자치도 제주시 우정로 20,126.4306416,33.49107452,http://place.map.kakao.com/428052721
125,24923386,WE병원,병원,제주특별자치도 서귀포시 1100로 453-95,126.4440898,33.28609646,http://place.map.kakao.com/24923386
126,578092976,서울나눔마취통증의학과의원,병원,제주특별자치도 제주시 고사마루길 2,126.4722638,33.48024132,http://place.map.kakao.com/578092976
127,878975830,어울림의원,병원,제주특별자치도 제주시 노형로 362,126.4750091,33.48262417,http://place.map.kakao.com/878975830
128,26597146,최고이비인후과의원,병원,제주특별자치도 제주시 노형로 376,126.476118,33.48340603,http://place.map.kakao.com/26597146
129,1953686211,예쁨주의쁨의원,병원,제주특별자치도 제주시 노형8길 3,126.4777418,33.48445783,http://place.map.kakao.com/1953686211
130,718546322,톡스앤필의원 제주점,병원,제주특별자치도 제주시 노형로 378,126.4762933,33.48359791,http://place.map.kakao.com/718546322
131,2118624247,이종영안과의원,병원,제주특별자치도 제주시 노형로 378,126.476302,33.48359074,http://place.map.kakao.com/2118624247
132,26616741,눈사랑안과의원,병원,제주특별자치도 제주시 노형8길 2,126.4773369,33.484329,http://place.map.kakao.com/26616741
133,1638218001,전원중속내과의원,병원,제주특별자치도 제주시 노형로 378,126.476302,33.48359074,http://place.map.kakao.com/1638218001
134,1683115751,이지봄안과의원,병원,제주특별자치도 제주시 노형로 390,126.4771241,33.48429565,http://place.map.kakao.com/1683115751
135,234291622,노형그랜드치과의원,병원,제주특별자치도 제주시 신형로 2,126.4756148,33.48299278,http://place.map.kakao.com/234291622
136,27467567,서울오름치과,병원,제주특별자치도 제주시 노형14길 14,126.4798162,33.48464056,http://place.map.kakao.com/27467567
137,1592705368,삼성서울정형외과의원,병원,제주특별자치도 제주시 노형로 386,126.4769442,33.48414883,http://place.map.kakao.com/1592705368
138,409250346,주소아청소년과의원,병원,제주특별자치도 제주시 노형8길 8,126.4778489,33.48400118,http://place.map.kakao.com/409250346
139,1945309773,제주아나픈치과의원,병원,제주특별자치도 제주시 노형로 362,126.4750414,33.48262431,http://place.map.kakao.com/1945309773
140,10913238,현광철정형외과,병원,제주특별자치도 제주시 노형8길 3,126.4777989,33.48444455,http://place.map.kakao.com/10913238
141,251053261,대한내과의원,병원,제주특별자치도 제주시 노형11길 25,126.4777227,33.48279612,http://place.map.kakao.com/251053261
142,2134677503,권대헌내과의원,병원,제주특별자치도 제주시 노형로 386,126.4768699,33.48416384,http://place.map.kakao.com/2134677503
143,943308846,미모피부과의원,병원,제주특별자치도 제주시 1100로 3347,126.47963,33.4848201,http://place.map.kakao.com/943308846
144,8399011,신제주학문외과,병원,제주특별자치도 제주시 노형8길 2,126.47727,33.48435937,http://place.map.kakao.com/8399011
145,1665160926,최인철정신건강의원,병원,제주특별자치도 제주시 1100로 3347,126.4795955,33.48483799,http://place.map.kakao.com/1665160926
146,1365544637,강남스타성형외과,병원,제주특별자치도 제주시 신형로 14,126.4766413,33.48227584,http://place.map.kakao.com/1365544637
147,1901568210,서울위즈덤성형외과의원,병원,제주특별자치도 제주시 노형로 388,126.4770342,33.48421412,http://place.map.kakao.com/1901568210
148,26935128,김영중의원,병원,제주특별자치도 제주시 노형로 386,126.476926,33.48413523,http://place.map.kakao.com/26935128
149,809565803,조대경안심내과의원,병원,제주특별자치도 제주시 노형8길 2,126.4773477,33.48432724,http://place.map.kakao.com/809565803
150,2082740317,아미의원,병원,제주특별자치도 제주시 노형14길 12,126.4792918,33.48453017,http://place.map.kakao.com/2082740317
151,2051370801,속편한드림내과의원,병원,제주특별자치도 제주시 노형8길 3,126.4777989,33.48444455,http://place.map.kakao.com/2051370801
152,1433724800,청담루이성형외과,병원,제주특별자치도 제주시 노형14길 14,126.4797917,33.48441687,http://place.map.kakao.com/1433724800
153,34425951,노형오거리재활의학과의원,병원,제주특별자치도 제주시 1100로 3347,126.4796602,33.48482023,http://place.map.kakao.com/34425951
154,2114704133,슬하정신건강의학과의원,병원,제주특별자치도 제주시 노형8길 2,126.4773477,33.48432724,http://place.map.kakao.com/2114704133
155,8157422,홍성희여성외과,병원,제주특별자치도 제주시 노형8길 2,126.4773175,33.48433072,http://place.map.kakao.com/8157422
156,560829267,김민범한의원,병원,제주특별자치도 제주시 노형로 373,126.4756006,33.48373834,http://place.map.kakao.com/560829267
157,10092700,장원석치과의원,병원,제주특별자치도 제주시 노형로 378,126.476302,33.48359074,http://place.map.kakao.com/10092700
158,1862828625,하늘체한의원 제주점,병원,제주특별자치도 제주시 노형14길 14,126.4798342,33.4845054,http://place.map.kakao.com/1862828625
159,274979103,윤동원한의원,병원,제주특별자치도 제주시 노형로 388,126.4770342,33.48421412,http://place.map.kakao.com/274979103
160,2079960622,드림미성형외과의원,병원,제주특별자치도 제주시 1100로 3347,126.4797002,33.48478613,http://place.map.kakao.com/2079960622
161,1846011322,노형치과의원,병원,제주특별자치도 제주시 노형8길 2,126.4772741,33.48439545,http://place.map.kakao.com/1846011322
162,474874562,진플란티아치과의원,병원,제주특별자치도 제주시 1100로 3347,126.4796041,33.48483802,http://place.map.kakao.com/474874562
163,1960352322,노형365준의원,병원,제주특별자치도 제주시 수덕로 41,126.4727552,33.48615245,http://place.map.kakao.com/1960352322
164,9991134,푸른치과,병원,제주특별자치도 제주시 수덕로 41,126.4727574,33.48614344,http://place.map.kakao.com/9991134
165,799499041,선한의원,병원,제주특별자치도 제주시 수덕로 33,126.4734643,33.48667658,http://place.map.kakao.com/799499041
166,8085148,조은한의원,병원,제주특별자치도 제주시 수덕로 29,126.4736782,33.48689027,http://place.map.kakao.com/8085148
167,10799454,제주한의원,병원,제주특별자치도 제주시 정존13길 3,126.4771177,33.48534688,http://place.map.kakao.com/10799454
168,23487114,자연주의의원,병원,제주특별자치도 제주시 노형로 397,126.4774414,33.48519677,http://place.map.kakao.com/23487114
169,7989355,아름다운피부과의원,병원,제주특별자치도 제주시 도령로 5,126.4799283,33.48676879,http://place.map.kakao.com/7989355
170,10124986,강남성모안과의원,병원,제주특별자치도 제주시 수덕1길 3,126.4782616,33.48622444,http://place.map.kakao.com/10124986
171,10504724,서울수치과의원,병원,제주특별자치도 제주시 월랑로 3,126.4784797,33.48646698,http://place.map.kakao.com/10504724
172,10272065,노형이비인후과의원,병원,제주특별자치도 제주시 월랑로 1,126.4785705,33.48639524,http://place.map.kakao.com/10272065
173,9409643,제주사랑한의원,병원,제주특별자치도 제주시 월랑로 13,126.4776701,33.48724615,http://place.map.kakao.com/9409643
174,9071042,박지욱신경과의원,병원,제주특별자치도 제주시 월랑로 3,126.4784968,33.48648148,http://place.map.kakao.com/9071042
175,17522122,후한의원 제주점,병원,제주특별자치도 제주시 노형로 407,126.4782985,33.48581707,http://place.map.kakao.com/17522122
176,9971508,서울 내과의원,병원,제주특별자치도 제주시 도령로 1,126.4793039,33.48682748,http://place.map.kakao.com/9971508
177,669151954,아이엠플란트치과의원,병원,제주특별자치도 제주시 월랑로 5,126.478261,33.48668966,http://place.map.kakao.com/669151954
178,8635464,가톨릭정신과의원,병원,제주특별자치도 제주시 도령로 1,126.4792225,33.48676222,http://place.map.kakao.com/8635464
179,27354728,기만덕내과,병원,제주특별자치도 제주시 노형로 407,126.4782594,33.48588182,http://place.map.kakao.com/27354728
180,14566677,홍건수안과의원,병원,제주특별자치도 제주시 월랑로 3,126.4785055,33.48645627,http://place.map.kakao.com/14566677
181,10706562,우리치과,병원,제주특별자치도 제주시 월랑로 13,126.4775888,33.48717368,http://place.map.kakao.com/10706562
182,9648997,현대정형외과의원,병원,제주특별자치도 제주시 월랑로 1,126.4785663,33.48636637,http://place.map.kakao.com/9648997
183,9979632,제일내과의원,병원,제주특별자치도 제주시 월랑로 1,126.4785705,33.48639524,http://place.map.kakao.com/9979632
184,160891911,제주수흉부외과의원,병원,제주특별자치도 제주시 노형로 407,126.4783029,33.48579185,http://place.map.kakao.com/160891911
185,8332557,미우 성형외과,병원,제주특별자치도 제주시 노형로 407,126.4783069,33.48584957,http://place.map.kakao.com/8332557
186,8550728,이민정산부인과의원,병원,제주특별자치도 제주시 노형로 407,126.478307,33.48583875,http://place.map.kakao.com/8550728
187,1896698947,미치과교정과치과의원,병원,제주특별자치도 제주시 도령로 5,126.4799238,33.48679041,http://place.map.kakao.com/1896698947
188,1338422650,제주보화당한의원,병원,제주특별자치도 제주시 노형로 407,126.478309,33.4858622,http://place.map.kakao.com/1338422650
189,9246602,연세엘치과의원,병원,제주특별자치도 제주시 노형로 407,126.4783069,33.48584957,http://place.map.kakao.com/9246602
190,9062806,박내과의원,병원,제주특별자치도 제주시 월랑로 3,126.478531,33.48651408,http://place.map.kakao.com/9062806
191,1045651670,서울푸른정신건강의학과의원,병원,제주특별자치도 제주시 노형로 407,126.4783006,33.48582159,http://place.map.kakao.com/1045651670
192,9913230,아나파마취통증의학과,병원,제주특별자치도 제주시 노형로 407,126.4782975,33.48580805,http://place.map.kakao.com/9913230
193,10909860,행복한가정의학과,병원,제주특별자치도 제주시 수덕1길 3,126.4782401,33.48623156,http://place.map.kakao.com/10909860
194,10973267,화이트치과,병원,제주특별자치도 제주시 월랑로 1,126.4785705,33.48638442,http://place.map.kakao.com/10973267
195,203728407,현정신건강의학과의원,병원,제주특별자치도 제주시 월랑로 1,126.4785673,33.4863844,http://place.map.kakao.com/203728407
196,9957221,윤치과,병원,제주특별자치도 제주시 수덕1길 3,126.4782401,33.48622074,http://place.map.kakao.com/9957221
197,8233730,날씬의원,병원,제주특별자치도 제주시 도령로 5,126.4799238,33.48679041,http://place.map.kakao.com/8233730
198,8698872,김영석 성형외과,병원,제주특별자치도 제주시 도령로 1,126.4793812,33.48684223,http://place.map.kakao.com/8698872
199,17398471,마릴린제이의원,병원,제주특별자치도 제주시 월랑로 5,126.4782631,33.48668966,http://place.map.kakao.com/17398471
200,19898444,꽃잎위에선한의원,병원,제주특별자치도 제주시 노형로 407,126.4783412,33.48587856,http://place.map.kakao.com/19898444
201,374665206,메이한의원,병원,제주특별자치도 제주시 노형로 407,126.4783412,33.48587856,http://place.map.kakao.com/374665206
202,9346781,e좋은이비인후과,병원,제주특별자치도 제주시 월랑로 39,126.475693,33.48895083,http://place.map.kakao.com/9346781
203,9249413,양준호정형외과의원,병원,제주특별자치도 제주시 월랑로 39,126.4755763,33.48902967,http://place.map.kakao.com/9249413
204,613058122,위소아청소년과의원,병원,제주특별자치도 제주시 월랑로 39,126.4756155,33.48894689,http://place.map.kakao.com/613058122
205,13602259,이지현의원,병원,제주특별자치도 제주시 월랑로8길 1,126.4766367,33.48875647,http://place.map.kakao.com/13602259
206,9132123,성연내과의원,병원,제주특별자치도 제주시 월랑로 39,126.4756144,33.48894599,http://place.map.kakao.com/9132123
207,8461365,에덴산부인과,병원,제주특별자치도 제주시 수덕로 6,126.4752904,33.48862455,http://place.map.kakao.com/8461365
208,8602040,해맑은소아과,병원,제주특별자치도 제주시 수덕로 6,126.4753032,33.48862821,http://place.map.kakao.com/8602040
209,19677455,온기담은한의원,병원,제주특별자치도 제주시 월랑로 38,126.4762871,33.4889281,http://place.map.kakao.com/19677455
210,11726008,현동효내과의원,병원,제주특별자치도 제주시 월랑로8길 1,126.4765719,33.48879226,http://place.map.kakao.com/11726008
211,1194924311,샌프란시스코치과의원,병원,제주특별자치도 제주시 수덕로 4,126.4754745,33.4887768,http://place.map.kakao.com/1194924311
212,24925495,오케이치과,병원,제주특별자치도 제주시 월랑로 38,126.4762825,33.48896414,http://place.map.kakao.com/24925495
213,715228676,강인수치과,병원,제주특별자치도 제주시 월랑로 39,126.4756112,33.48895048,http://place.map.kakao.com/715228676
214,1478185460,정한의원,병원,제주특별자치도 제주시 월랑로 23,126.4769001,33.48789926,http://place.map.kakao.com/1478185460
215,670840858,늘봄미아름의원,병원,제주특별자치도 제주시 월랑로 33,126.4760741,33.48855213,http://place.map.kakao.com/670840858
216,877263907,문창민한의원,병원,제주특별자치도 제주시 수덕로 4,126.4754745,33.4887768,http://place.map.kakao.com/877263907
217,10808632,제일치과의원,병원,제주특별자치도 제주시 수덕로 6,126.4752818,33.48862091,http://place.map.kakao.com/10808632
218,9695508,강인수양휘치과의원,병원,제주특별자치도 제주시 월랑로 39,126.4756265,33.48891358,http://place.map.kakao.com/9695508
219,9988663,진성한의원,병원,제주특별자치도 제주시 월랑로 40,126.4761135,33.48915817,http://place.map.kakao.com/9988663
220,11813817,엔젤치과,병원,제주특별자치도 제주시 월랑로 29,126.4764507,33.48819669,http://place.map.kakao.com/11813817
221,107292741,양휘치과,병원,제주특별자치도 제주시 월랑로 39,126.4756144,33.48894599,http://place.map.kakao.com/107292741
222,8350880,뢰영성한의원,병원,제주특별자치도 제주시 월랑로 16,126.4777145,33.48774402,http://place.map.kakao.com/8350880
223,18577520,제주중앙병원,병원,제주특별자치도 제주시 월랑로 91,126.4704796,33.49232766,http://place.map.kakao.com/18577520
224,27524409,하나가정의학과의원,병원,제주특별자치도 제주시 월랑로 59,126.4741703,33.49021742,http://place.map.kakao.com/27524409
225,965102076,조미진의키크는아이 소아청소년과의원,병원,제주특별자치도 제주시 월광로 165,126.4746605,33.49314426,http://place.map.kakao.com/965102076
226,9923697,임소아과,병원,제주특별자치도 제주시 월랑로10길 32-1,126.4787853,33.49077427,http://place.map.kakao.com/9923697
227,10107516,홍치과의원,병원,제주특별자치도 제주시 남녕로 48,126.4799763,33.49168807,http://place.map.kakao.com/10107516
228,10289564,동제한의원,병원,제주특별자치도 제주시 남녕로 43-1,126.4800091,33.49124102,http://place.map.kakao.com/10289564
229,9966938,치아세상 치과의원,병원,제주특별자치도 제주시 월광로 140,126.4730506,33.49103852,http://place.map.kakao.com/9966938
230,12501502,솔담한방병원,병원,제주특별자치도 제주시 1100로 3055,126.4845685,33.45904613,http://place.map.kakao.com/12501502
231,22728263,와인피부과의원,병원,제주특별자치도 제주시 1100로 3178,126.4853321,33.46981165,http://place.map.kakao.com/22728263
232,247924960,수목원소아치과치과의원,병원,제주특별자치도 제주시 수목원길 12,126.4860405,33.46917355,http://place.map.kakao.com/247924960
233,27354026,명가한의원,병원,제주특별자치도 제주시 수목원길 41,126.4893765,33.46970666,http://place.map.kakao.com/27354026
234,11387106,제주숲한의원,병원,제주특별자치도 제주시 수목원서길 3-4,126.4838237,33.46929417,http://place.map.kakao.com/11387106
235,27519685,맘편한산부인과,병원,제주특별자치도 제주시 1100로 3283,126.4818937,33.47943085,http://place.map.kakao.com/27519685
236,22014805,노형바툼낭의원,병원,제주특별자치도 제주시 1100로 3213-27,126.4815161,33.47598518,http://place.map.kakao.com/22014805
237,8484166,예치과의원,병원,제주특별자치도 제주시 과원로 28,126.4865632,33.4761252,http://place.map.kakao.com/8484166
238,546284351,자윤한의원 제주점,병원,제주특별자치도 제주시 진군남4길 5,126.4804006,33.4761428,http://place.map.kakao.com/546284351
239,11053667,보리수한의원,병원,제주특별자치도 제주시 과원북2길 68,126.4896129,33.47874701,http://place.map.kakao.com/11053667
240,23149529,연세휴먼치과의원,병원,제주특별자치도 제주시 과원로 28,126.4864583,33.47609763,http://place.map.kakao.com/23149529
241,10498132,서울안과의원,병원,제주특별자치도 제주시 1100로 3333,126.4801515,33.48362317,http://place.map.kakao.com/10498132
242,2119736414,국가대표정형외과의원,병원,제주특별자치도 제주시 1100로 3321,126.480565,33.48284052,http://place.map.kakao.com/2119736414
243,5309501,로즈앤의원,병원,제주특별자치도 제주시 1100로 3333,126.4801602,33.48360788,http://place.map.kakao.com/5309501
244,2044050230,맑은수면이비인후과,병원,제주특별자치도 제주시 원노형남1길 1,126.4807302,33.48401328,http://place.map.kakao.com/2044050230
245,518162667,유쾌한비뇨기과의원 제주점,병원,제주특별자치도 제주시 1100로 3333,126.4801828,33.48360437,http://place.map.kakao.com/518162667
246,17775000,김앤김신경외과의원,병원,제주특별자치도 제주시 1100로 3324,126.4811986,33.48304152,http://place.map.kakao.com/17775000
247,9556527,한라정형외과,병원,제주특별자치도 제주시 연북로 26,126.4841375,33.48168698,http://place.map.kakao.com/9556527
248,7873386,미래산부인과,병원,제주특별자치도 제주시 연북로 28,126.4844047,33.48162318,http://place.map.kakao.com/7873386
249,1103514897,서울탑외과의원,병원,제주특별자치도 제주시 1100로 3321,126.4805672,33.48283692,http://place.map.kakao.com/1103514897
250,375579809,서울고마운정형외과의원,병원,제주특별자치도 제주시 신형로 51,126.4806982,33.48234069,http://place.map.kakao.com/375579809
251,1402452873,연세하루치과의원,병원,제주특별자치도 제주시 1100로 3321,126.4806297,33.48282817,http://place.map.kakao.com/1402452873
252,193524981,서울고른이치과교정과치과의원,병원,제주특별자치도 제주시 노형12길 27,126.4804755,33.48234607,http://place.map.kakao.com/193524981
253,23772632,유디치과의원 제주노형점,병원,제주특별자치도 제주시 연북로 30,126.4845616,33.4816653,http://place.map.kakao.com/23772632
254,2052742595,쿨맨남성의원,병원,제주특별자치도 제주시 1100로 3328,126.4810682,33.48326097,http://place.map.kakao.com/2052742595
255,9284688,예인치과,병원,제주특별자치도 제주시 1100로 3342,126.4806264,33.48444922,http://place.map.kakao.com/9284688
256,19584383,바른이치과의원,병원,제주특별자치도 제주시 연북로 14,126.4826787,33.48167008,http://place.map.kakao.com/19584383
257,13555285,모아의원,병원,제주특별자치도 제주시 과원북4길 5,126.4825084,33.48135922,http://place.map.kakao.com/13555285
258,19883007,서울삼성치과의원,병원,제주특별자치도 제주시 1100로 3334,126.4807854,33.48376828,http://place.map.kakao.com/19883007
259,680438512,자연과한의원 제주 다이어트,병원,제주특별자치도 제주시 1100로 3342,126.4806478,33.48447455,http://place.map.kakao.com/680438512
260,1477948253,새로이치과교정과치과의원,병원,제주특별자치도 제주시 연북로 30,126.484616,33.48156545,http://place.map.kakao.com/1477948253
261,8689402,그린치과의원,병원,제주특별자치도 제주시 연북로 22,126.4836856,33.48169591,http://place.map.kakao.com/8689402
262,11820363,제주라파의원,병원,제주특별자치도 제주시 연북로 34,126.4849554,33.48166513,http://place.map.kakao.com/11820363
263,12607380,푸르미소아청소년과의원,병원,제주특별자치도 제주시 연북로 28,126.4843527,33.48168066,http://place.map.kakao.com/12607380
264,1369614765,원광려한의원,병원,제주특별자치도 제주시 1100로 3334,126.4807813,33.48374662,http://place.map.kakao.com/1369614765
265,9474612,큐치과의원,병원,제주특별자치도 제주시 연북로 34,126.4849523,33.48163717,http://place.map.kakao.com/9474612
266,658852156,서울탑정신건강의학과의원,병원,제주특별자치도 제주시 1100로 3321,126.480564,33.4828297,http://place.map.kakao.com/658852156
267,12831566,그린서울내과의원,병원,제주특별자치도 제주시 1100로 3333,126.4801494,33.48361775,http://place.map.kakao.com/12831566
268,8681333,호박한의원,병원,제주특별자치도 제주시 1100로 3328,126.4810767,33.48327543,http://place.map.kakao.com/8681333
269,24163706,서울플란트치과의원,병원,제주특별자치도 제주시 1100로 3333,126.480158,33.4836214,http://place.map.kakao.com/24163706
270,342731573,메디컬오한의원 제주점,병원,제주특별자치도 제주시 1100로 3324,126.4811954,33.48304061,http://place.map.kakao.com/342731573
271,35017633,하늘마취통증의학과의원,병원,제주특별자치도 제주시 1100로 3333,126.4801355,33.48360056,http://place.map.kakao.com/35017633
272,9417978,경희장수한의원,병원,제주특별자치도 제주시 과원북4길 5,126.4825127,33.48136284,http://place.map.kakao.com/9417978
273,370975585,도형유니치과의원,병원,제주특별자치도 제주시 연북로 10,126.4822907,33.48177034,http://place.map.kakao.com/370975585
274,1240322529,단단한정형외과의원,병원,제주특별자치도 제주시 연북로 76,126.4893953,33.48155187,http://place.map.kakao.com/1240322529
275,8407966,신제주 이비인후과의원,병원,제주특별자치도 제주시 연북로 38,126.4853991,33.48159124,http://place.map.kakao.com/8407966
276,10657148,연세피부과의원,병원,제주특별자치도 제주시 연북로 38,126.4854035,33.48156241,http://place.map.kakao.com/10657148
277,297610978,제주맘모아외과의원,병원,제주특별자치도 제주시 연북로 38,126.4853988,33.48163091,http://place.map.kakao.com/297610978
278,13554092,상쾌한속내과의원,병원,제주특별자치도 제주시 연북로 38,126.485403,33.48164896,http://place.map.kakao.com/13554092
279,8000565,소리이비인후과 제주점,병원,제주특별자치도 제주시 연북로 76,126.4894008,33.48152124,http://place.map.kakao.com/8000565
280,1538891982,애플정신건강의학과의원,병원,제주특별자치도 제주시 연북로 38,126.4854031,33.48163454,http://place.map.kakao.com/1538891982
281,26898588,이창현정형외과의원,병원,제주특별자치도 제주시 연북로 50,126.4866259,33.48154945,http://place.map.kakao.com/26898588
282,10904440,튼튼소아청소년과의원,병원,제주특별자치도 제주시 과원북4길 35,126.4863736,33.4812635,http://place.map.kakao.com/10904440
283,24163705,제이여성의원,병원,제주특별자치도 제주시 연북로 38,126.485403,33.48164896,http://place.map.kakao.com/24163705
284,19080068,늘푸른경희한의원,병원,제주특별자치도 제주시 과원북4길 29,126.4855298,33.48132131,http://place.map.kakao.com/19080068
285,9541563,탑치과의원,병원,제주특별자치도 제주시 연북로 42,126.4858378,33.48162913,http://place.map.kakao.com/9541563
286,1730629982,연세마음편한치과의원,병원,제주특별자치도 제주시 연북로 46,126.4862037,33.48162614,http://place.map.kakao.com/1730629982
287,8303485,늘푸른내과의원,병원,제주특별자치도 제주시 과원북4길 35,126.4863414,33.48125074,http://place.map.kakao.com/8303485
288,24528019,예쁜아이치과의원,병원,제주특별자치도 제주시 연북로 40,126.4856357,33.48161026,http://place.map.kakao.com/24528019
289,10701194,우리들소아청소년과의원,병원,제주특별자치도 제주시 연북로 38,126.4854116,33.4816526,http://place.map.kakao.com/10701194
290,17469607,아이틴즈치과,병원,제주특별자치도 제주시 연북로 78,126.4896124,33.48158703,http://place.map.kakao.com/17469607
291,1429496450,김광정정형외과의원,병원,제주특별자치도 제주시 연북로 38,126.4854031,33.48163093,http://place.map.kakao.com/1429496450
292,10061415,예일소아과의원,병원,제주특별자치도 제주시 연북로 40,126.4856397,33.48164994,http://place.map.kakao.com/10061415
293,14809045,이철승치과의원,병원,제주특별자치도 제주시 연북로 36,126.4851792,33.48165885,http://place.map.kakao.com/14809045
294,24576005,길한의원,병원,제주특별자치도 제주시 과원북4길 33,126.4861583,33.48128425,http://place.map.kakao.com/24576005
295,8307160,미소치과의원,병원,제주특별자치도 제주시 국기로 8,126.4896149,33.48115788,http://place.map.kakao.com/8307160
296,10005554,한솔한의원,병원,제주특별자치도 제주시 연북로 36,126.4851706,33.48166242,http://place.map.kakao.com/10005554
297,49403733,서울UP치과의원 서울업치과의원,병원,제주특별자치도 제주시 연북로 76,126.4894028,33.48154559,http://place.map.kakao.com/49403733
298,1042183879,좋은이웃내과의원,병원,제주특별자치도 제주시 도령로 7,126.4801055,33.48664692,http://place.map.kakao.com/1042183879
299,586393531,노형백세치과,병원,제주특별자치도 제주시 도령로 20,126.4816015,33.48693809,http://place.map.kakao.com/586393531
300,8791412,김병훈정형외과,병원,제주특별자치도 제주시 도령로 7,126.4800883,33.48663963,http://place.map.kakao.com/8791412
301,27303903,미소의원,병원,제주특별자치도 제주시 노연로 29,126.483237,33.48620922,http://place.map.kakao.com/27303903
302,8124365,가지런e치과,병원,제주특별자치도 제주시 도령로 21,126.4813754,33.48731581,http://place.map.kakao.com/8124365
303,10944512,한나산부인과,병원,제주특별자치도 제주시 도령로 7,126.4801009,33.48668657,http://place.map.kakao.com/10944512
304,10273492,녹십자정형외과의원,병원,제주특별자치도 제주시 도령로 9,126.4803932,33.48675992,http://place.map.kakao.com/10273492
305,9768494,동인당한의원,병원,제주특별자치도 제주시 도령로 21,126.4813837,33.48737355,http://place.map.kakao.com/9768494
306,504325521,맨투맨남성의원,병원,제주특별자치도 제주시 도령로 7,126.4801076,33.48664512,http://place.map.kakao.com/504325521
307,9820692,서상원 정신건강의학과의원,병원,제주특별자치도 제주시 도령로 7,126.4801185,33.48662533,http://place.map.kakao.com/9820692
308,15205451,프라임치과의원,병원,제주특별자치도 제주시 도령로 7,126.4800707,33.48670808,http://place.map.kakao.com/15205451
309,26824475,더미인의원,병원,제주특별자치도 제주시 도령로 25,126.4816027,33.48746102,http://place.map.kakao.com/26824475
310,8503577,장은식치과의원,병원,제주특별자치도 제주시 도령로 9,126.4804015,33.48679602,http://place.map.kakao.com/8503577
311,8084305,제주한라병원,병원,제주특별자치도 제주시 도령로 65,126.4850689,33.4899287,http://place.map.kakao.com/8084305
312,958569584,고든비뇨의학과의원,병원,제주특별자치도 제주시 도령로 76,126.4865556,33.48981856,http://place.map.kakao.com/958569584
313,27522542,봄길의원,병원,제주특별자치도 제주시 삼무로 18,126.4886787,33.48961456,http://place.map.kakao.com/27522542
314,8025689,우리연세이비인후과의원,병원,제주특별자치도 제주시 도령로 74,126.4863108,33.48971657,http://place.map.kakao.com/8025689
315,27358530,포에버의원,병원,제주특별자치도 제주시 삼무로 18,126.4886615,33.48960007,http://place.map.kakao.com/27358530
316,222412895,파랑새의원,병원,제주특별자치도 제주시 노연로 90,126.4897172,33.48572757,http://place.map.kakao.com/222412895
317,684972658,오복류치과의원,병원,제주특별자치도 제주시 도령로 76,126.4865556,33.48981856,http://place.map.kakao.com/684972658
318,9612797,한라연한의원,병원,제주특별자치도 제주시 도령로 76,126.4865597,33.48984022,http://place.map.kakao.com/9612797
319,8545815,이동구내과의원,병원,제주특별자치도 제주시 신광로 64,126.4897525,33.48649678,http://place.map.kakao.com/8545815
320,21611242,하이치과,병원,제주특별자치도 제주시 삼무로 2-1,126.4869149,33.48982726,http://place.map.kakao.com/21611242
321,12728572,신제주한의원,병원,제주특별자치도 제주시 삼무로 27,126.4895624,33.49011949,http://place.map.kakao.com/12728572
322,9337193,이사랑치과,병원,제주특별자치도 제주시 남녕로 28,126.4814737,33.49032754,http://place.map.kakao.com/9337193
323,14666446,김정무한의원,병원,제주특별자치도 제주시 남녕로 32,126.4812618,33.49049976,http://place.map.kakao.com/14666446
324,889230995,으뜸경희한의원,병원,제주특별자치도 제주시 과원로 110,126.4934804,33.47936244,http://place.map.kakao.com/889230995
325,1469667616,엔젤소아청소년과,병원,제주특별자치도 제주시 과원로 70,126.4912299,33.47581627,http://place.map.kakao.com/1469667616
326,1992505233,더리프트의원,병원,제주특별자치도 제주시 과원로 110,126.4934977,33.47934448,http://place.map.kakao.com/1992505233
327,17972705,연동365일의원,병원,제주특별자치도 제주시 연북로 99,126.4920065,33.48211258,http://place.map.kakao.com/17972705
328,25997334,복지피부과의원,병원,제주특별자치도 제주시 신대로 128,126.4960691,33.48585094,http://place.map.kakao.com/25997334
329,13554446,가족보건의원,병원,제주특별자치도 제주시 신대로13길 21,126.498894,33.48782426,http://place.map.kakao.com/13554446
330,8513650,제원한의원,병원,제주특별자치도 제주시 신대로14길 36,126.4928162,33.48791854,http://place.map.kakao.com/8513650
331,10350006,제주 멘파워비뇨기과의원,병원,제주특별자치도 제주시 노연로 94,126.4901695,33.48567263,http://place.map.kakao.com/10350006
332,9735893,다사랑의원,병원,제주특별자치도 제주시 신대로 128,126.496172,33.48590906,http://place.map.kakao.com/9735893
333,13080275,김용석 마취통증의학과의원,병원,제주특별자치도 제주시 노연로 101,126.4909377,33.48603913,http://place.map.kakao.com/13080275
334,19575513,뷰앤미의원,병원,제주특별자치도 제주시 노연로 118-1,126.4930235,33.48558246,http://place.map.kakao.com/19575513
335,24925602,고경환내과의원,병원,제주특별자치도 제주시 신대로 153,126.4966703,33.48347137,http://place.map.kakao.com/24925602
336,9878183,서울앤치과의원,병원,제주특별자치도 제주시 연북로 99,126.4919723,33.48207637,http://place.map.kakao.com/9878183
337,1990221088,VIP성형외과의원,병원,제주특별자치도 제주시 은남1길 46,126.4909844,33.48945636,http://place.map.kakao.com/1990221088
338,13554918,한국건강관리협회 건강증진의원,병원,제주특별자치도 제주시 연북로 111,126.4933938,33.48204252,http://place.map.kakao.com/13554918
339,12474090,서울한의원,병원,제주특별자치도 제주시 노연로 142,126.4952489,33.48553024,http://place.map.kakao.com/12474090
340,10205811,김형진치과의원,병원,제주특별자치도 제주시 신광로 63,126.4901905,33.48648686,http://place.map.kakao.com/10205811
341,1778805896,DRVIP클리닉,병원,제주특별자치도 제주시 은남1길 46,126.4909738,33.48944009,http://place.map.kakao.com/1778805896
342,13549384,한국건강관리협회 건강증진치과의원,병원,제주특별자치도 제주시 연북로 111,126.4932323,33.4820626,http://place.map.kakao.com/13549384
343,26236202,포유치과의원,병원,제주특별자치도 제주시 신대로 134,126.4961355,33.48551942,http://place.map.kakao.com/26236202
344,13549374,김광주치과의원,병원,제주특별자치도 제주시 신광로 33-1,126.4902657,33.48908375,http://place.map.kakao.com/13549374
345,2038702099,슬림미의원,병원,제주특별자치도 제주시 연북로 99,126.4919529,33.48207629,http://place.map.kakao.com/2038702099
346,13133036,제주제일요양병원,병원,제주특별자치도 제주시 연삼로 16,126.4940023,33.49341228,http://place.map.kakao.com/13133036
347,11105218,연동필치과의원,병원,제주특별자치도 제주시 신대로 72,126.4961604,33.49089301,http://place.map.kakao.com/11105218
348,19271308,해와달한의원,병원,제주특별자치도 제주시 신대로 67,126.4970015,33.49132919,http://place.map.kakao.com/19271308
349,8666420,제주국제공항의원,병원,제주특별자치도 제주시 공항로 2,126.4930373,33.50683843,http://place.map.kakao.com/8666420
350,1612136549,투게더피부과의원,병원,제주특별자치도 서귀포시 월드컵로 8,126.5073383,33.24897466,http://place.map.kakao.com/1612136549
351,873043923,서울삼성이비인후과의원,병원,제주특별자치도 서귀포시 월드컵로 8,126.5073263,33.24900347,http://place.map.kakao.com/873043923
352,9116928,서울정형외과의원,병원,제주특별자치도 서귀포시 월드컵로 8,126.5073178,33.24899983,http://place.map.kakao.com/9116928
353,1953511169,바로내과의원,병원,제주특별자치도 서귀포시 월드컵로 8,126.5073199,33.24899893,http://place.map.kakao.com/1953511169
354,2059240806,현혜선산부인과의원,병원,제주특별자치도 서귀포시 월드컵로 8,126.5073178,33.24899983,http://place.map.kakao.com/2059240806
355,10386153,본의원,병원,제주특별자치도 서귀포시 일주동로 9213,126.5084912,33.24871234,http://place.map.kakao.com/10386153
356,1881327296,신윤석외과의원,병원,제주특별자치도 서귀포시 월드컵로 8,126.5073221,33.24899263,http://place.map.kakao.com/1881327296
357,711102552,리더스치과의원,병원,제주특별자치도 서귀포시 월드컵로 8,126.5073178,33.24899983,http://place.map.kakao.com/711102552
358,1504162109,서울퍼스트성형외과의원,병원,제주특별자치도 서귀포시 월드컵로 8,126.5073254,33.24898633,http://place.map.kakao.com/1504162109
359,26512913,새론의원,병원,제주특별자치도 서귀포시 신서로48번길 31,126.5086292,33.25357086,http://place.map.kakao.com/26512913
360,981770225,아이맘소아청소년과의원,병원,제주특별자치도 서귀포시 신서귀로97번길 51,126.5069764,33.25398628,http://place.map.kakao.com/981770225
361,768722801,새서귀보한의원,병원,제주특별자치도 서귀포시 신중남로 26,126.50948,33.25380864,http://place.map.kakao.com/768722801
362,2036674858,온유치과의원,병원,제주특별자치도 서귀포시 신서귀로97번길 51,126.5070022,33.25399359,http://place.map.kakao.com/2036674858
363,654455268,미래가정의학과의원,병원,제주특별자치도 서귀포시 대청로25번길 4,126.5026543,33.25277982,http://place.map.kakao.com/654455268
364,684964174,서울미치과의원,병원,제주특별자치도 서귀포시 대청로 41,126.5042516,33.25269513,http://place.map.kakao.com/684964174
365,1753256280,노벨치과의원,병원,제주특별자치도 서귀포시 대청로 39,126.5040049,33.25267251,http://place.map.kakao.com/1753256280
366,1065180042,경희수연한의원,병원,제주특별자치도 서귀포시 대청로 39,126.504043,33.25276643,http://place.map.kakao.com/1065180042
367,1609421235,이룸내과의원,병원,제주특별자치도 제주시 연오로 59,126.5020437,33.48796678,http://place.map.kakao.com/1609421235
368,2039033686,강미정소아청소년과의원,병원,제주특별자치도 제주시 연오로 59,126.5020568,33.48793077,http://place.map.kakao.com/2039033686
369,9444984,제주내과의원,병원,제주특별자치도 제주시 서광로 78-9,126.5052531,33.49955969,http://place.map.kakao.com/9444984
370,18227999,제주춘강의원,병원,제주특별자치도 제주시 월구1길 73,126.5016956,33.49387262,http://place.map.kakao.com/18227999
371,9312374,예나산부인과의원,병원,제주특별자치도 제주시 서광로 83,126.5049419,33.50053036,http://place.map.kakao.com/9312374
372,1204152115,양경필치과의원,병원,제주특별자치도 제주시 공항로1길 46,126.5005706,33.50389378,http://place.map.kakao.com/1204152115
373,207055627,예나산부인과의원 소아청소년과,병원,제주특별자치도 제주시 서광로 83,126.5049329,33.50059704,http://place.map.kakao.com/207055627
374,8010739,예나치과의원,병원,제주특별자치도 제주시 서광로 83,126.5048993,33.50064108,http://place.map.kakao.com/8010739
375,17646531,제주조은의원,병원,제주특별자치도 제주시 용담로 46,126.5076536,33.51273607,http://place.map.kakao.com/17646531
376,2146327859,우리한의원,병원,제주특별자치도 서귀포시 이어도로 924,126.5131966,33.23767328,http://place.map.kakao.com/2146327859
377,143580004,고려한의원,병원,제주특별자치도 서귀포시 신서귀로 39,126.510794,33.25256055,http://place.map.kakao.com/143580004
378,423070033,제주나무병원,병원,제주특별자치도 제주시 아연로 258,126.5151877,33.46640587,http://place.map.kakao.com/423070033
379,909684333,라아한의원,병원,제주특별자치도 제주시 오남로 212,126.514582,33.4770288,http://place.map.kakao.com/909684333
380,8143243,한빛정신건강의학과의원,병원,제주특별자치도 제주시 서광로 184,126.5160824,33.49973589,http://place.map.kakao.com/8143243
381,8534687,이명철한의원,병원,제주특별자치도 제주시 서광로 192,126.5168833,33.49968853,http://place.map.kakao.com/8534687
382,1589330325,이승희산부인과의원,병원,제주특별자치도 제주시 서광로 208-1,126.5187174,33.49962714,http://place.map.kakao.com/1589330325
383,14624200,오라가축병원,병원,제주특별자치도 제주시 오라로18길 11-6,126.5176628,33.49341648,http://place.map.kakao.com/14624200
384,11263573,한국병원,병원,제주특별자치도 제주시 서광로 193,126.5170931,33.5002898,http://place.map.kakao.com/11263573
385,803186043,드림포레산부인과의원,병원,제주특별자치도 제주시 서사로 136,126.5195896,33.50030852,http://place.map.kakao.com/803186043
386,9027205,명이비인후과,병원,제주특별자치도 제주시 서광로 215,126.5195157,33.50005579,http://place.map.kakao.com/9027205
387,10937675,한승진신경외과의원,병원,제주특별자치도 제주시 서광로 161,126.5137157,33.50036856,http://place.map.kakao.com/10937675
388,1596921921,제주하늘요양병원,병원,제주특별자치도 제주시 서사로 40,126.519666,33.50869362,http://place.map.kakao.com/1596921921
389,2082836182,오렌지한의원 제주,병원,제주특별자치도 제주시 서광로 167,126.5144303,33.50034972,http://place.map.kakao.com/2082836182
390,11276034,김명식내과의원,병원,제주특별자치도 제주시 용문로 163,126.5108159,33.50927928,http://place.map.kakao.com/11276034
391,11547523,연세포르테비뇨기과의원,병원,제주특별자치도 제주시 서광로 175,126.5152412,33.50025192,http://place.map.kakao.com/11547523
392,10860419,하루항외과의원,병원,제주특별자치도 제주시 서광로 175,126.5152574,33.50025198,http://place.map.kakao.com/10860419
393,26545213,탑성형외과의원,병원,제주특별자치도 제주시 서광로 131,126.5104519,33.50052881,http://place.map.kakao.com/26545213
394,8551557,이방훈 재활의학과의원,병원,제주특별자치도 제주시 서광로 157,126.5132725,33.50033436,http://place.map.kakao.com/8551557
395,19433946,제주미의원,병원,제주특별자치도 제주시 서사로 137,126.5200491,33.50013359,http://place.map.kakao.com/19433946
396,21205509,제주미의원 피부과,병원,제주특별자치도 제주시 서사로 137,126.5200491,33.50013359,http://place.map.kakao.com/21205509
397,315479869,연강참병원,병원,제주특별자치도 제주시 서광로 175,126.515201,33.50031667,http://place.map.kakao.com/315479869
398,8751586,고신경정신과의원,병원,제주특별자치도 제주시 서광로 203,126.5181293,33.50021378,http://place.map.kakao.com/8751586
399,21873931,제주힘튼의원,병원,제주특별자치도 제주시 서광로 215,126.5195766,33.50012996,http://place.map.kakao.com/21873931
400,11072436,문영석치과의원,병원,제주특별자치도 제주시 서문로 18-1,126.5134655,33.50969724,http://place.map.kakao.com/11072436
401,17089149,율한의원,병원,제주특별자치도 제주시 용화로 61-1,126.5102126,33.50937788,http://place.map.kakao.com/17089149
402,8547031,이지민치과의원,병원,제주특별자치도 제주시 서광로 215,126.5195197,33.50011712,http://place.map.kakao.com/8547031
403,21205976,제주미의원 정형외과,병원,제주특별자치도 제주시 서사로 137,126.5200491,33.50013359,http://place.map.kakao.com/21205976
404,13551377,연세삼성의원,병원,제주특별자치도 제주시 흥운길 8,126.5111358,33.50979626,http://place.map.kakao.com/13551377
405,8960005,만덕한의원,병원,제주특별자치도 제주시 용문로 162,126.5107271,33.50879207,http://place.map.kakao.com/8960005
406,10167433,고영호재활의학과의원,병원,제주특별자치도 제주시 서광로 175,126.5152065,33.50029416,http://place.map.kakao.com/10167433
407,8818582,김형섭치과의원,병원,제주특별자치도 제주시 흥운길 1,126.5106598,33.5094698,http://place.map.kakao.com/8818582
408,10204237,김양근치과의원,병원,제주특별자치도 제주시 서광로 205,126.5182753,33.5001808,http://place.map.kakao.com/10204237
409,8016609,용담의원,병원,제주특별자치도 제주시 용담로 92,126.5123476,33.51192518,http://place.map.kakao.com/8016609
410,10505217,서문의원,병원,제주특별자치도 제주시 서문로 68,126.5183226,33.51184758,http://place.map.kakao.com/10505217
411,10195016,김윤희치과의원,병원,제주특별자치도 제주시 서문로 29,126.5145713,33.5105671,http://place.map.kakao.com/10195016
412,9902074,용담매일한의원,병원,제주특별자치도 제주시 흥운길 22,126.5116988,33.51073974,http://place.map.kakao.com/9902074
413,1243516031,다나은한의원,병원,제주특별자치도 제주시 용담로 86,126.5118203,33.51211424,http://place.map.kakao.com/1243516031
414,165534391,허용가정의학과의원,병원,제주특별자치도 서귀포시 서호남로 91,126.5219451,33.2501028,http://place.map.kakao.com/165534391
415,8985061,문이비인후과의원,병원,제주특별자치도 제주시 서광로 268,126.5251913,33.49967015,http://place.map.kakao.com/8985061
416,19565617,고순희내과의원,병원,제주특별자치도 제주시 서사로 155,126.5200517,33.49848279,http://place.map.kakao.com/19565617
417,8739418,강정형외과의원,병원,제주특별자치도 제주시 서광로 262,126.5245069,33.49966031,http://place.map.kakao.com/8739418
418,450168270,강골정형외과의원,병원,제주특별자치도 제주시 서광로 272,126.5254392,33.49979282,http://place.map.kakao.com/450168270
419,7875553,문앤송소아청소년과의원,병원,제주특별자치도 제주시 서광로 220,126.5200511,33.49957371,http://place.map.kakao.com/7875553
420,1499413688,지오요양병원,병원,제주특별자치도 제주시 서광로 222,126.5202543,33.49960786,http://place.map.kakao.com/1499413688
421,10807767,조은미의원,병원,제주특별자치도 제주시 서광로 270,126.5252978,33.4998653,http://place.map.kakao.com/10807767
422,9691512,고영관신경외과의원,병원,제주특별자치도 제주시 연삼로 342,126.529077,33.49196374,http://place.map.kakao.com/9691512
423,9911609,연세안과의원,병원,제주특별자치도 제주시 서광로 220,126.5200823,33.49957113,http://place.map.kakao.com/9911609
424,10864395,하나치과,병원,제주특별자치도 제주시 신성로 76,126.5275647,33.49541289,http://place.map.kakao.com/10864395
425,10197505,김명환치과의원,병원,제주특별자치도 제주시 서광로 240,126.5220153,33.4995245,http://place.map.kakao.com/10197505
426,18667500,정성학 마취통증의학과의원,병원,제주특별자치도 제주시 서사로 155,126.5200582,33.4984783,http://place.map.kakao.com/18667500
427,11996056,다임한의원,병원,제주특별자치도 제주시 서광로 244,126.5225404,33.49953735,http://place.map.kakao.com/11996056
428,11290727,제주 삼성의원,병원,제주특별자치도 제주시 신성로 78,126.5278228,33.49543912,http://place.map.kakao.com/11290727
429,24624432,정승영치과의원,병원,제주특별자치도 제주시 연삼로 259,126.5201294,33.49258938,http://place.map.kakao.com/24624432
430,439264365,광양한의원,병원,제주특별자치도 제주시 서광로28길 19,126.5271736,33.49887712,http://place.map.kakao.com/439264365
431,10309116,도남한의원,병원,제주특별자치도 제주시 신성로 85,126.5284096,33.49598591,http://place.map.kakao.com/10309116
432,11105871,양경흠치과의원,병원,제주특별자치도 제주시 서광로 220,126.5200823,33.49957113,http://place.map.kakao.com/11105871
433,12122875,정다운치과의원,병원,제주특별자치도 제주시 도남로8길 3,126.5272966,33.49485648,http://place.map.kakao.com/12122875
434,9749227,이엔이치과의원,병원,제주특별자치도 제주시 도남로 56,126.5272296,33.4952926,http://place.map.kakao.com/9749227
435,11790371,동의보감한의원,병원,제주특별자치도 제주시 신성로 76,126.5275562,33.49539843,http://place.map.kakao.com/11790371
436,8995229,명성한의원,병원,제주특별자치도 제주시 연삼로 315,126.5263328,33.49240047,http://place.map.kakao.com/8995229
437,8042166,이미애 피부과의원,병원,제주특별자치도 제주시 서광로 267,126.5249774,33.5002175,http://place.map.kakao.com/8042166
438,8086166,제주 아름다운피부과의원,병원,제주특별자치도 제주시 서광로 273,126.5256992,33.5004655,http://place.map.kakao.com/8086166
439,10806315,365제주의원,병원,제주특별자치도 제주시 서광로 302,126.528851,33.50031524,http://place.map.kakao.com/10806315
440,25099542,연세정형외과의원,병원,제주특별자치도 제주시 남성로 156,126.5219066,33.5091098,http://place.map.kakao.com/25099542
441,9553145,한사랑정신과의원,병원,제주특별자치도 제주시 서광로 273,126.5256559,33.50051221,http://place.map.kakao.com/9553145
442,2090206479,더편한오동훈내과의원,병원,제주특별자치도 제주시 서광로 294,126.5278874,33.50019616,http://place.map.kakao.com/2090206479
443,1271285205,서울아산신경외과의원,병원,제주특별자치도 제주시 서광로 301,126.5284349,33.50084379,http://place.map.kakao.com/1271285205
444,548805607,그랜드치과병원,병원,제주특별자치도 제주시 서광로 301,126.5284176,33.50084823,http://place.map.kakao.com/548805607
445,11314593,장용안과의원,병원,제주특별자치도 제주시 서광로 302,126.528851,33.50031884,http://place.map.kakao.com/11314593
446,18217195,봄정신건강의학과의원,병원,제주특별자치도 제주시 서광로 297,126.5281321,33.500711,http://place.map.kakao.com/18217195
447,8850492,늘푸른가정의학과의원,병원,제주특별자치도 제주시 중앙로 175,126.5273558,33.50355167,http://place.map.kakao.com/8850492
448,1651672695,미소봄치과교정과치과의원,병원,제주특별자치도 제주시 동광로 4,126.5297052,33.50076928,http://place.map.kakao.com/1651672695
449,641886778,건강100세의원,병원,제주특별자치도 제주시 서광로 273,126.5256651,33.50040406,http://place.map.kakao.com/641886778
450,554019492,제주늘푸른의원,병원,제주특별자치도 제주시 중앙로 132,126.5246914,33.50686474,http://place.map.kakao.com/554019492
451,8062428,전농로한의원,병원,제주특별자치도 제주시 전농로 75-2,126.5213723,33.50451323,http://place.map.kakao.com/8062428
452,19451990,다음플러스치과의원,병원,제주특별자치도 제주시 서광로 292,126.527586,33.50020403,http://place.map.kakao.com/19451990
453,9060597,박경식신경외과의원,병원,제주특별자치도 제주시 서광로 263,126.5246051,33.50020165,http://place.map.kakao.com/9060597
454,442820941,제주연합재활의학과의원,병원,제주특별자치도 제주시 서광로 294,126.5278874,33.50019616,http://place.map.kakao.com/442820941
455,8798875,김동호 이비인후과의원,병원,제주특별자치도 제주시 서광로 267,126.5249471,33.50024263,http://place.map.kakao.com/8798875
456,8419443,강남의원,병원,제주특별자치도 제주시 서광로 302,126.5288336,33.50034402,http://place.map.kakao.com/8419443
457,10984664,현창옥내과의원,병원,제주특별자치도 제주시 중앙로 195,126.528446,33.50197262,http://place.map.kakao.com/10984664
458,1209107480,문성영치과의원,병원,제주특별자치도 제주시 서광로 239,126.522077,33.50003865,http://place.map.kakao.com/1209107480
459,11031005,광양서울앤치과의원,병원,제주특별자치도 제주시 서광로 302,126.5288639,33.50031528,http://place.map.kakao.com/11031005
460,10255953,다음치과의원,병원,제주특별자치도 제주시 서광로 293,126.5277343,33.50064277,http://place.map.kakao.com/10255953
461,10471068,부성언치과의원,병원,제주특별자치도 제주시 중앙로 206,126.5286279,33.50096353,http://place.map.kakao.com/10471068
462,10768220,진한의원,병원,제주특별자치도 제주시 서사로11길 3,126.520435,33.5058656,http://place.map.kakao.com/10768220
463,9789360,램브란트치과,병원,제주특별자치도 제주시 서광로 281,126.5265471,33.50047595,http://place.map.kakao.com/9789360
464,1775505882,우리한의원,병원,제주특별자치도 제주시 서광로 301,126.5283613,33.50091203,http://place.map.kakao.com/1775505882
465,17472821,경희수한의원,병원,제주특별자치도 제주시 서광로 279,126.5263106,33.50043177,http://place.map.kakao.com/17472821
466,10932687,한봉한의원,병원,제주특별자치도 제주시 서광로 235,126.521552,33.500024,http://place.map.kakao.com/10932687
467,12786179,늘푸른 노인전문요양원,병원,제주특별자치도 제주시 중앙로 175,126.5273654,33.50356613,http://place.map.kakao.com/12786179
468,192186222,광양의원,병원,제주특별자치도 제주시 서광로 302,126.5288689,33.50037842,http://place.map.kakao.com/192186222
469,27030727,홍한의원,병원,제주특별자치도 제주시 서광로 283,126.5268311,33.50049868,http://place.map.kakao.com/27030727
470,2126569399,제주녹십자의원,병원,제주특별자치도 제주시 고전길 5,126.5255235,33.50642705,http://place.map.kakao.com/2126569399
471,10628177,오용덕치과의원,병원,제주특별자치도 제주시 중앙로 191,126.528147,33.50233934,http://place.map.kakao.com/10628177
472,9940384,오정훈치과의원,병원,제주특별자치도 제주시 서광로 304,126.5290146,33.50031586,http://place.map.kakao.com/9940384
473,10159477,고&홍치과의원,병원,제주특별자치도 제주시 중앙로 194,126.5280115,33.50191327,http://place.map.kakao.com/10159477
474,11240989,탑동365일의원,병원,제주특별자치도 제주시 탑동로 24,126.5224566,33.51753548,http://place.map.kakao.com/11240989
475,11157256,제주중앙안과의원,병원,제주특별자치도 제주시 중앙로15길 2,126.5242885,33.51046415,http://place.map.kakao.com/11157256
476,19251220,닥터양내과,병원,제주특별자치도 제주시 관덕로 18,126.5212703,33.512876,http://place.map.kakao.com/19251220
477,8219916,늘봄재활요양병원,병원,제주특별자치도 제주시 관덕로 30,126.5224152,33.51292008,http://place.map.kakao.com/8219916
478,8516794,제주삼성안과,병원,제주특별자치도 제주시 관덕로 66,126.5262808,33.51282493,http://place.map.kakao.com/8516794
479,8536193,이경신 이비인후과의원,병원,제주특별자치도 제주시 중앙로 61,126.5248183,33.51278507,http://place.map.kakao.com/8536193
480,19895326,나의원,병원,제주특별자치도 제주시 관덕로 60,126.5257086,33.51293995,http://place.map.kakao.com/19895326
481,12037365,유디치과의원 제주중앙점,병원,제주특별자치도 제주시 중앙로14길 8,126.5234823,33.51146722,http://place.map.kakao.com/12037365
482,369222575,김판규외과의원,병원,제주특별자치도 제주시 관덕로 7,126.5200467,33.51303355,http://place.map.kakao.com/369222575
483,10816785,탑동병원,병원,제주특별자치도 제주시 탑동로 26,126.5222043,33.51761475,http://place.map.kakao.com/10816785
484,9014989,박기범치과의원,병원,제주특별자치도 제주시 중앙로 62,126.5244446,33.51262496,http://place.map.kakao.com/9014989
485,8154519,함내과의원,병원,제주특별자치도 제주시 관덕로 63,126.5259997,33.51324761,http://place.map.kakao.com/8154519
486,23255138,유내과의원,병원,제주특별자치도 제주시 중앙로 61,126.5248227,33.51276886,http://place.map.kakao.com/23255138
487,10382812,보수당한의원,병원,제주특별자치도 제주시 관덕로11길 16,126.5256099,33.51446867,http://place.map.kakao.com/10382812
488,741885577,서울준마취통증의학과의원,병원,제주특별자치도 제주시 관덕로 67,126.5265633,33.51331828,http://place.map.kakao.com/741885577
489,11633921,연세유엘르의원,병원,제주특별자치도 제주시 탑동로 24,126.5224975,33.51754375,http://place.map.kakao.com/11633921
490,10212390,김경락치과,병원,제주특별자치도 제주시 동문로 10,126.527763,33.51279994,http://place.map.kakao.com/10212390
491,9034300,부용철치과의원,병원,제주특별자치도 제주시 중앙로 84,126.5239034,33.5108233,http://place.map.kakao.com/9034300
492,26409481,올레마취통증의학과의원,병원,제주특별자치도 제주시 관덕로13길 2,126.5260164,33.51334865,http://place.map.kakao.com/26409481
493,12970000,다나한의원,병원,제주특별자치도 제주시 중앙로 77,126.524577,33.51125144,http://place.map.kakao.com/12970000
494,9909960,연세마취통증의학과의원,병원,제주특별자치도 제주시 관덕로 58,126.5255147,33.51296806,http://place.map.kakao.com/9909960
495,555230004,서울호연치과의원,병원,제주특별자치도 제주시 중앙로 76,126.5242312,33.51150617,http://place.map.kakao.com/555230004
496,27128604,민초당한의원,병원,제주특별자치도 제주시 중앙로15길 8,126.5246561,33.51056023,http://place.map.kakao.com/27128604
497,10742704,임덕방사선과의원,병원,제주특별자치도 제주시 중앙로 77,126.5245512,33.51124774,http://place.map.kakao.com/10742704
498,642017064,센트럴치과의원,병원,제주특별자치도 제주시 중앙로 61,126.524806,33.51266601,http://place.map.kakao.com/642017064
499,9808638,부경돈치과의원,병원,제주특별자치도 제주시 관덕로13길 2,126.5260338,33.51331265,http://place.map.kakao.com/9808638
500,21928331,인수한의원,병원,제주특별자치도 제주시 관덕로 64,126.5260318,33.5128943,http://place.map.kakao.com/21928331
501,9643258,이하얀치과의원,병원,제주특별자치도 제주시 관덕로 64,126.526049,33.51290158,http://place.map.kakao.com/9643258
502,9735838,김윤홍치과의원,병원,제주특별자치도 제주시 관덕로 22-1,126.5216917,33.51297139,http://place.map.kakao.com/9735838
503,9251396,영도치과의원,병원,제주특별자치도 제주시 중앙로 51,126.5248178,33.51366863,http://place.map.kakao.com/9251396
504,1397041465,Sc메디컬,병원,제주특별자치도 제주시 칠성로길 7-1,126.5238319,33.51366845,http://place.map.kakao.com/1397041465
505,308611558,송악나무병원,병원,제주특별자치도 서귀포시 호근서호로 38,126.5367547,33.25620697,http://place.map.kakao.com/308611558
506,8014320,연강병원,병원,제주특별자치도 제주시 죽성서길 6,126.5332448,33.46121705,http://place.map.kakao.com/8014320
507,1291843613,제주우리병원,병원,제주특별자치도 제주시 중앙로 373,126.539666,33.48898859,http://place.map.kakao.com/1291843613
508,22703663,하늘마음한의원 제주점,병원,제주특별자치도 제주시 중앙로 371,126.5394392,33.48916086,http://place.map.kakao.com/22703663
509,1598936370,나우메디의원,병원,제주특별자치도 제주시 연북로 511,126.5345405,33.48444435,http://place.map.kakao.com/1598936370
510,19352044,더고운의원,병원,제주특별자치도 제주시 중앙로 371,126.5394349,33.48916084,http://place.map.kakao.com/19352044
511,1487730396,서울차앤김치과의원,병원,제주특별자치도 제주시 중앙로 380,126.5393794,33.48825724,http://place.map.kakao.com/1487730396
512,27463465,속편한내과 제주점,병원,제주특별자치도 제주시 중앙로 359,126.5386988,33.48999118,http://place.map.kakao.com/27463465
513,1007563654,올레비뇨의학과의원,병원,제주특별자치도 제주시 중앙로 366,126.5384747,33.48921858,http://place.map.kakao.com/1007563654
514,740668585,타임소아청소년과의원,병원,제주특별자치도 제주시 중앙로 371,126.5394305,33.48917525,http://place.map.kakao.com/740668585
515,1877588510,서울아산내과의원,병원,제주특별자치도 제주시 연북로 511,126.5345405,33.48444435,http://place.map.kakao.com/1877588510
516,1381716143,고려이비인후과의원,병원,제주특별자치도 제주시 중앙로 366,126.5384704,33.48921856,http://place.map.kakao.com/1381716143
517,432802910,소리나소아청소년과의원,병원,제주특별자치도 제주시 중앙로 380,126.5393773,33.48825182,http://place.map.kakao.com/432802910
518,25005790,김래상신경외과의원,병원,제주특별자치도 제주시 중앙로 366,126.5384662,33.48920773,http://place.map.kakao.com/25005790
519,19302556,한재익치과의원,병원,제주특별자치도 제주시 중앙로 371,126.5394305,33.48917525,http://place.map.kakao.com/19302556
520,78166179,현무암부부한의원,병원,제주특별자치도 제주시 중앙로 360,126.5381811,33.48959796,http://place.map.kakao.com/78166179
521,1879358992,로하스의원,병원,제주특별자치도 제주시 구남동8길 58,126.5349482,33.48546919,http://place.map.kakao.com/1879358992
522,8695575,e편한치과의원,병원,제주특별자치도 제주시 연북로 527,126.5360475,33.48512709,http://place.map.kakao.com/8695575
523,10169620,고성은치과의원,병원,제주특별자치도 제주시 중앙로 358,126.5380418,33.48968579,http://place.map.kakao.com/10169620
524,1671259690,더아이맘한의원,병원,제주특별자치도 제주시 연북로 543,126.537653,33.48612305,http://place.map.kakao.com/1671259690
525,26415708,케이뷰티성형외과의원 제주점,병원,제주특별자치도 제주시 중앙로 371-1,126.5394807,33.48902938,http://place.map.kakao.com/26415708
526,26915070,박정욱한의원,병원,제주특별자치도 제주시 연북로 527,126.5361711,33.48515911,http://place.map.kakao.com/26915070
527,1602101752,미인세상의원,병원,제주특별자치도 제주시 연북로 527,126.5361417,33.48523203,http://place.map.kakao.com/1602101752
528,20426116,예다움치과의원,병원,제주특별자치도 제주시 중앙로 366,126.5384662,33.48920773,http://place.map.kakao.com/20426116
529,23711995,찬치과의원,병원,제주특별자치도 제주시 중앙로 371-1,126.5396114,33.48913625,http://place.map.kakao.com/23711995
530,17584492,동구치과,병원,제주특별자치도 제주시 중앙로 368,126.5386551,33.48910024,http://place.map.kakao.com/17584492
531,9934605,제주제통의원,병원,제주특별자치도 제주시 중앙로 371,126.5394434,33.48917169,http://place.map.kakao.com/9934605
532,494680874,에버그린의원,병원,제주특별자치도 제주시 중앙로 371-1,126.5395643,33.48910001,http://place.map.kakao.com/494680874
533,344190586,더자란소아청소년과의원,병원,제주특별자치도 제주시 연북로 556,126.5390826,33.48639614,http://place.map.kakao.com/344190586
534,1657794723,숨편한세상한의원 제주점,병원,제주특별자치도 제주시 연북로 527,126.5361634,33.48519966,http://place.map.kakao.com/1657794723
535,709864121,연세중앙치과의원,병원,제주특별자치도 제주시 중앙로 360,126.5381415,33.48957076,http://place.map.kakao.com/709864121
536,17067868,김기수수안과,병원,제주특별자치도 제주시 중앙로 286,126.5330921,33.4949055,http://place.map.kakao.com/17067868
537,1678643629,더좋은이비인후과의원,병원,제주특별자치도 제주시 중앙로 337,126.5372576,33.49148245,http://place.map.kakao.com/1678643629
538,1377420137,연세제일안과의원,병원,제주특별자치도 제주시 중앙로 337,126.5372821,33.4915177,http://place.map.kakao.com/1377420137
539,9110902,서울정형외과의원,병원,제주특별자치도 제주시 중앙로 354,126.5377298,33.49009215,http://place.map.kakao.com/9110902
540,791314918,한라속시원내과의원,병원,제주특별자치도 제주시 중앙로 266,126.5318007,33.4961286,http://place.map.kakao.com/791314918
541,1962003137,제이뉴피부과의원,병원,제주특별자치도 제주시 중앙로 337,126.5372468,33.49149052,http://place.map.kakao.com/1962003137
542,18127692,미사랑의원,병원,제주특별자치도 제주시 중앙로 286,126.5328327,33.49471519,http://place.map.kakao.com/18127692
543,164854557,동산내과의원,병원,제주특별자치도 제주시 중앙로 337,126.5372435,33.49148961,http://place.map.kakao.com/164854557
544,17078569,두리이비인후과 제주클리닉,병원,제주특별자치도 제주시 중앙로 286,126.5328671,33.49472614,http://place.map.kakao.com/17078569
545,21061842,루아치과의원,병원,제주특별자치도 제주시 중앙로 337,126.5372489,33.49148963,http://place.map.kakao.com/21061842
546,24537688,엘산부인과,병원,제주특별자치도 제주시 중앙로 352,126.5375712,33.49017721,http://place.map.kakao.com/24537688
547,1792288344,제일플란트치과의원,병원,제주특별자치도 제주시 중앙로 302,126.5340601,33.49378847,http://place.map.kakao.com/1792288344
548,10170043,고운이치과의원,병원,제주특별자치도 제주시 연삼로 354,126.5303578,33.49230039,http://place.map.kakao.com/10170043
549,1871937614,공감성형외과의원,병원,제주특별자치도 제주시 중앙로 310,126.5347865,33.49317541,http://place.map.kakao.com/1871937614
550,18347583,정광훈정형외과의원,병원,제주특별자치도 제주시 연삼로 395,126.5337417,33.49516761,http://place.map.kakao.com/18347583
551,18719796,혜민당한의원,병원,제주특별자치도 제주시 중앙로 326,126.5358147,33.49206489,http://place.map.kakao.com/18719796
552,9165893,선내과의원,병원,제주특별자치도 제주시 중앙로 319,126.5358905,33.49277563,http://place.map.kakao.com/9165893
553,1106516328,박상욱 휴 정신건강의학과의원,병원,제주특별자치도 제주시 중앙로 337,126.5372853,33.49152222,http://place.map.kakao.com/1106516328
554,26500580,채움치과의원,병원,제주특별자치도 제주시 중앙로 354,126.5377298,33.49009576,http://place.map.kakao.com/26500580
555,118198414,유진통증의학과의원,병원,제주특별자치도 제주시 중앙로 286,126.5329746,33.49474818,http://place.map.kakao.com/118198414
556,10348778,메디필산부인과의원,병원,제주특별자치도 제주시 중앙로 308,126.5346958,33.49323638,http://place.map.kakao.com/10348778
557,878016455,고운이치과교정과치과의원,병원,제주특별자치도 제주시 연삼로 354,126.5303729,33.49230765,http://place.map.kakao.com/878016455
558,26927155,비바체성형외과의원,병원,제주특별자치도 제주시 중앙로 302,126.5341286,33.49385815,http://place.map.kakao.com/26927155
559,17367165,서울현치과,병원,제주특별자치도 제주시 중앙로 319,126.5358173,33.49278257,http://place.map.kakao.com/17367165
560,9259889,이튼치과,병원,제주특별자치도 제주시 중앙로 298,126.533947,33.49401975,http://place.map.kakao.com/9259889
561,9946885,송성필한의원,병원,제주특별자치도 제주시 중앙로 325,126.5362759,33.4923407,http://place.map.kakao.com/9946885
562,11888988,백제한의원,병원,제주특별자치도 제주시 중앙로 316,126.5351156,33.49279887,http://place.map.kakao.com/11888988
563,154252988,디올레치과의원,병원,제주특별자치도 제주시 중앙로 266,126.5318007,33.4961286,http://place.map.kakao.com/154252988
564,11023908,김형남치과의원,병원,제주특별자치도 제주시 중앙로 316,126.5351198,33.49282323,http://place.map.kakao.com/11023908
565,10195215,김정학치과의원,병원,제주특별자치도 제주시 연삼로 431,126.536578,33.49704455,http://place.map.kakao.com/10195215
566,10748489,임승찬치과의원,병원,제주특별자치도 제주시 중앙로 235,126.5306886,33.49881475,http://place.map.kakao.com/10748489
567,8758729,경희본한의원,병원,제주특별자치도 제주시 중앙로 326-1,126.5358645,33.49200017,http://place.map.kakao.com/8758729
568,611033894,고성은치과의원,병원,제주특별자치도 제주시 중앙로 243,126.5310229,33.49827506,http://place.map.kakao.com/611033894
569,8295231,뉴욕치과의원,병원,제주특별자치도 제주시 중앙로 318,126.5352704,33.49262815,http://place.map.kakao.com/8295231
570,10668514,윤진호정형외과의원,병원,제주특별자치도 제주시 동광로 90,126.5376999,33.50482497,http://place.map.kakao.com/10668514
571,8018374,우리안과의원,병원,제주특별자치도 제주시 동광로 107,126.5387451,33.50641477,http://place.map.kakao.com/8018374
572,9394971,제주대항외과,병원,제주특별자치도 제주시 고마로 53,126.5396502,33.50947273,http://place.map.kakao.com/9394971
573,24448876,오케이정형외과,병원,제주특별자치도 제주시 동광로 108-1,126.5391345,33.50604476,http://place.map.kakao.com/24448876
574,12501498,삼성산부인과의원,병원,제주특별자치도 제주시 동광로 27,126.5318143,33.50218645,http://place.map.kakao.com/12501498
575,25768214,사회복지법인인효원 제주복지요양병원,병원,제주특별자치도 제주시 동광로 96,126.538278,33.50520309,http://place.map.kakao.com/25768214
576,1075729226,삼성드림소아청소년과,병원,제주특별자치도 제주시 동광로 120,126.5399104,33.50666163,http://place.map.kakao.com/1075729226
577,12501076,행복한치과,병원,제주특별자치도 제주시 동광로 97,126.5378236,33.505654,http://place.map.kakao.com/12501076
578,10982629,혜민내과의원,병원,제주특별자치도 제주시 동광로15길 2,126.5381147,33.50595441,http://place.map.kakao.com/10982629
579,19120444,토마토요양병원,병원,제주특별자치도 제주시 동광로 42,126.5333217,33.50226156,http://place.map.kakao.com/19120444
580,26632200,신세계치과의원,병원,제주특별자치도 제주시 동광로 120,126.5398782,33.50664438,http://place.map.kakao.com/26632200
581,10199167,김세희소아과의원,병원,제주특별자치도 제주시 동광로 110,126.5392502,33.50613896,http://place.map.kakao.com/10199167
582,11016292,김헌지정형외과의원,병원,제주특별자치도 제주시 동광로15길 4,126.537873,33.50606892,http://place.map.kakao.com/11016292
583,9303087,연세치과의원,병원,제주특별자치도 제주시 동광로 107,126.5387561,33.50637063,http://place.map.kakao.com/9303087
584,9039709,부기은치과의원,병원,제주특별자치도 제주시 동광로 81,126.5366536,33.5046687,http://place.map.kakao.com/9039709
585,8794390,김수상내과의원,병원,제주특별자치도 제주시 동광로 100,126.5384571,33.50551211,http://place.map.kakao.com/8794390
586,20374302,열린한의원 제주점,병원,제주특별자치도 제주시 동광로 118,126.5397904,33.50655931,http://place.map.kakao.com/20374302
587,10287865,동양한의원,병원,제주특별자치도 제주시 고마로 70,126.5398037,33.50811731,http://place.map.kakao.com/10287865
588,11790122,누가한의원,병원,제주특별자치도 제주시 동광로 102,126.5385914,33.50555859,http://place.map.kakao.com/11790122
589,9610419,한국한의원,병원,제주특별자치도 제주시 동광로 113,126.53907,33.50663597,http://place.map.kakao.com/9610419
590,10767654,진영미한의원,병원,제주특별자치도 제주시 동광로2길 1,126.5305648,33.50099974,http://place.map.kakao.com/10767654
591,10195640,김한신의원,병원,제주특별자치도 제주시 동광로 82,126.5370469,33.50436723,http://place.map.kakao.com/10195640
592,901611624,밸런스웰가의원,병원,제주특별자치도 제주시 동광로 90,126.5377398,33.50481611,http://place.map.kakao.com/901611624
593,1225959809,한라성심의원,병원,제주특별자치도 제주시 동광로 107,126.5387453,33.50638231,http://place.map.kakao.com/1225959809
594,10266529,다나산부인과의원,병원,제주특별자치도 제주시 고마로 47,126.5394706,33.51004548,http://place.map.kakao.com/10266529
595,2132734193,정내과의원,병원,제주특별자치도 제주시 동문로 70,126.5340333,33.51326005,http://place.map.kakao.com/2132734193
596,9729962,노동의원,병원,제주특별자치도 제주시 만덕로3길 2,126.5321995,33.51480027,http://place.map.kakao.com/9729962
597,10402329,박태영치과의원,병원,제주특별자치도 제주시 동문로 56,126.5326258,33.51318984,http://place.map.kakao.com/10402329
598,10802191,제주제일의원,병원,제주특별자치도 제주시 동문로20길 1,126.5366317,33.51362683,http://place.map.kakao.com/10802191
599,11277620,청하당한의원,병원,제주특별자치도 제주시 동문로 58,126.5328808,33.51321604,http://place.map.kakao.com/11277620
600,8822432,김봉준통합치의학과치과의원,병원,제주특별자치도 제주시 동문로 51,126.5321423,33.51344046,http://place.map.kakao.com/8822432
601,1716772795,양택상치과의원,병원,제주특별자치도 제주시 동문로 76,126.5348026,33.51350096,http://place.map.kakao.com/1716772795
602,8993636,명치과의원,병원,제주특별자치도 제주시 동문로 45,126.5313941,33.51326452,http://place.map.kakao.com/8993636
603,10449127,사라봉한의원,병원,제주특별자치도 제주시 동문로 96,126.5367472,33.51377151,http://place.map.kakao.com/10449127
604,9779317,바른정의원,병원,제주특별자치도 제주시 성지로 76-1,126.5313518,33.51152249,http://place.map.kakao.com/9779317
605,16461011,사회복지법인샘터원,병원,제주특별자치도 서귀포시 중산간동로 8178,126.5429266,33.26295595,http://place.map.kakao.com/16461011
606,570660517,아라요양병원,병원,제주특별자치도 제주시 한북로 309,126.5468743,33.45652881,http://place.map.kakao.com/570660517
607,8068195,제주대학교병원,병원,제주특별자치도 제주시 아란13길 15,126.5452564,33.46727355,http://place.map.kakao.com/8068195
608,842883492,제주선한병원,병원,제주특별자치도 제주시 중앙로 616,126.5470837,33.46879582,http://place.map.kakao.com/842883492
609,10410325,911매일의원,병원,제주특별자치도 제주시 아연로 603,126.5435879,33.47774758,http://place.map.kakao.com/10410325
610,1049291671,참정형외과의원,병원,제주특별자치도 제주시 중앙로 570,126.5452373,33.47258209,http://place.map.kakao.com/1049291671
611,419204383,이순재내과의원,병원,제주특별자치도 제주시 중앙로 543,126.5457356,33.47500921,http://place.map.kakao.com/419204383
612,316477913,민소아청소년과의원,병원,제주특별자치도 제주시 인다10길 35,126.5494128,33.4746079,http://place.map.kakao.com/316477913
613,15926026,홍소아청소년과의원,병원,제주특별자치도 제주시 아란7길 18,126.5435141,33.4745809,http://place.map.kakao.com/15926026
614,19293895,아라치과의원,병원,제주특별자치도 제주시 중앙로 531,126.5449765,33.47595851,http://place.map.kakao.com/19293895
615,644603960,제주클라인치과의원,병원,제주특별자치도 제주시 중앙로 543,126.545741,33.47501464,http://place.map.kakao.com/644603960
616,455011778,한라산한의원,병원,제주특별자치도 제주시 중앙로 528,126.5443977,33.47595819,http://place.map.kakao.com/455011778
617,2035394440,탐라우리들의원,병원,제주특별자치도 제주시 중앙로 552,126.5453535,33.47423424,http://place.map.kakao.com/2035394440
618,522115831,사랑의치과의원,병원,제주특별자치도 제주시 중앙로 552,126.5453491,33.47424143,http://place.map.kakao.com/522115831
619,17391664,제주다스름한의원,병원,제주특별자치도 제주시 중앙로 567,126.5458498,33.47270875,http://place.map.kakao.com/17391664
620,2059957292,품듯한의원,병원,제주특별자치도 제주시 중앙로 491,126.5441374,33.47922732,http://place.map.kakao.com/2059957292
621,25807114,문치과의원,병원,제주특별자치도 제주시 중앙로 568,126.5453132,33.47288169,http://place.map.kakao.com/25807114
622,1708234625,제주탑플란트치과의원,병원,제주특별자치도 제주시 중앙로 545,126.5458053,33.47484898,http://place.map.kakao.com/1708234625
623,24528021,아라한의원,병원,제주특별자치도 제주시 중앙로 570,126.545267,33.47265793,http://place.map.kakao.com/24528021
624,981508624,웃음꽃피어나는약수당한의원,병원,제주특별자치도 제주시 중앙로 545,126.5457504,33.4748614,http://place.map.kakao.com/981508624
625,204687729,심연정신건강의학과의원,병원,제주특별자치도 제주시 중앙로 570,126.5452627,33.47265431,http://place.map.kakao.com/204687729
626,15292313,한마음병원,병원,제주특별자치도 제주시 연신로 52,126.5462368,33.49628689,http://place.map.kakao.com/15292313
627,21092199,김기준이비인후과의원,병원,제주특별자치도 제주시 승천로 75,126.5432706,33.49228734,http://place.map.kakao.com/21092199
628,17125444,정소아청소년과의원,병원,제주특별자치도 제주시 승천로 74,126.5425695,33.49219099,http://place.map.kakao.com/17125444
629,19148387,이도한의원,병원,제주특별자치도 제주시 승천로 81,126.5436004,33.49177104,http://place.map.kakao.com/19148387
630,1270536396,미소아치과치과의원,병원,제주특별자치도 제주시 신설로6길 1,126.5425171,33.49396513,http://place.map.kakao.com/1270536396
631,24955005,연세알막툼치과보철과치과의원,병원,제주특별자치도 제주시 승천로 74,126.5425695,33.49218197,http://place.map.kakao.com/24955005
632,1072613788,심미치과의원,병원,제주특별자치도 제주시 승천로 58,126.541626,33.49318286,http://place.map.kakao.com/1072613788
633,19325114,밝은한의원,병원,제주특별자치도 제주시 태성중2길 33,126.5485332,33.49920923,http://place.map.kakao.com/19325114
634,17200918,이화소아청소년과,병원,제주특별자치도 제주시 신설로7길 4,126.5437487,33.49222239,http://place.map.kakao.com/17200918
635,21698827,힐링치과의원,병원,제주특별자치도 제주시 승천로 75,126.5431805,33.49223291,http://place.map.kakao.com/21698827
636,9085420,상쾌한이비인후과,병원,제주특별자치도 제주시 동광로 124,126.5402485,33.50704065,http://place.map.kakao.com/9085420
637,9162938,서해산부인과의원,병원,제주특별자치도 제주시 동광로 131,126.5406312,33.50793465,http://place.map.kakao.com/9162938
638,466829942,예닮빛피부과의원,병원,제주특별자치도 제주시 동광로 133,126.5407812,33.50807044,http://place.map.kakao.com/466829942
639,15095636,새봄비뇨기과의원,병원,제주특별자치도 제주시 동광로 131,126.5406057,33.50787325,http://place.map.kakao.com/15095636
640,11159287,일도연세이비인후과,병원,제주특별자치도 제주시 고마로 117,126.5420639,33.50402163,http://place.map.kakao.com/11159287
641,9769095,미소하나치과의원,병원,제주특별자치도 제주시 고마로 117,126.542094,33.50403256,http://place.map.kakao.com/9769095
642,12320734,밝은안과의원,병원,제주특별자치도 제주시 동광로 131,126.5406471,33.50798087,http://place.map.kakao.com/12320734
643,10433393,삼성정형외과의원,병원,제주특별자치도 제주시 동광로 124,126.5402961,33.50699755,http://place.map.kakao.com/10433393
644,1331761708,연세이비인후과,병원,제주특별자치도 제주시 고마로 117,126.5421578,33.50396789,http://place.map.kakao.com/1331761708
645,1249499661,제주경희한의원,병원,제주특별자치도 제주시 고마로 99,126.5413878,33.50569249,http://place.map.kakao.com/1249499661
646,1950202878,임지영한의원,병원,제주특별자치도 제주시 연삼로 547,126.5471197,33.50281405,http://place.map.kakao.com/1950202878
647,9203728,아이사랑소아과의원,병원,제주특별자치도 제주시 동광로 131,126.5406182,33.50794722,http://place.map.kakao.com/9203728
648,8322595,박재홍내과의원,병원,제주특별자치도 제주시 고마로 149,126.5435752,33.50149644,http://place.map.kakao.com/8322595
649,8681209,거북이한의원,병원,제주특별자치도 제주시 고마로 135,126.5428982,33.5025461,http://place.map.kakao.com/8681209
650,19237178,마리산부인과의원,병원,제주특별자치도 제주시 고마로 146,126.542946,33.50164108,http://place.map.kakao.com/19237178
651,229894437,온마음의원,병원,제주특별자치도 제주시 연삼로 548,126.5474534,33.50238251,http://place.map.kakao.com/229894437
652,12990367,e스마일치과의원,병원,제주특별자치도 제주시 고마로 149,126.5435624,33.50146664,http://place.map.kakao.com/12990367
653,1854329728,율치과의원,병원,제주특별자치도 제주시 연삼로 510,126.5441349,33.50066272,http://place.map.kakao.com/1854329728
654,8945489,동일내과의원,병원,제주특별자치도 제주시 동광로 131,126.5406182,33.50794722,http://place.map.kakao.com/8945489
655,10785888,좌방은성형외과의원,병원,제주특별자치도 제주시 동광로 122,126.540125,33.50679136,http://place.map.kakao.com/10785888
656,11206786,현용휴채승원치과의원,병원,제주특별자치도 제주시 고마로 99,126.5413706,33.50568882,http://place.map.kakao.com/11206786
657,9644098,현용준내과의원,병원,제주특별자치도 제주시 동광로 129,126.5404211,33.5077806,http://place.map.kakao.com/9644098
658,25114661,열린치과의원,병원,제주특별자치도 제주시 고마로 123,126.5421775,33.5037083,http://place.map.kakao.com/25114661
659,622395299,온정신건강의학과의원,병원,제주특별자치도 제주시 동광로 122,126.5401303,33.50679498,http://place.map.kakao.com/622395299
660,10777846,지예치과의원,병원,제주특별자치도 제주시 고마로 108,126.5412604,33.50476067,http://place.map.kakao.com/10777846
661,8237743,김기형치과의원,병원,제주특별자치도 제주시 동광로 133,126.5407855,33.50805964,http://place.map.kakao.com/8237743
662,9009607,바루나마취통증의학과의원,병원,제주특별자치도 제주시 동광로 131,126.5405882,33.50792547,http://place.map.kakao.com/9009607
663,9162030,서해치과의원,병원,제주특별자치도 제주시 고마로 87,126.5409227,33.50655269,http://place.map.kakao.com/9162030
664,23067187,동광경희한의원,병원,제주특별자치도 제주시 연삼로 542,126.5468737,33.5021027,http://place.map.kakao.com/23067187
665,11182711,이고은치과의원,병원,제주특별자치도 제주시 동광로 131,126.5406181,33.50796706,http://place.map.kakao.com/11182711
666,10161991,경희 명인한의원,병원,제주특별자치도 제주시 고마로 123,126.5422205,33.50371567,http://place.map.kakao.com/10161991
667,9473648,청원한의원,병원,제주특별자치도 제주시 고마로 113,126.5418332,33.50450043,http://place.map.kakao.com/9473648
668,9161134,수양한의원,병원,제주특별자치도 제주시 연수로3길 4,126.5433387,33.50227364,http://place.map.kakao.com/9161134
669,10753526,이아름다운치과,병원,제주특별자치도 제주시 동광로 124,126.5402962,33.50698313,http://place.map.kakao.com/10753526
670,10313089,도연한의원,병원,제주특별자치도 제주시 고마로 87,126.54094,33.50653111,http://place.map.kakao.com/10313089
671,9595470,행복한한의원,병원,제주특별자치도 제주시 고마로 104,126.5411287,33.50503878,http://place.map.kakao.com/9595470
672,26820768,서울아산이비인후과의원,병원,제주특별자치도 서귀포시 일주동로 8694,126.5596106,33.25323169,http://place.map.kakao.com/26820768
673,1608999563,고은미의원,병원,제주특별자치도 서귀포시 일주동로 8707,126.5582494,33.2524767,http://place.map.kakao.com/1608999563
674,19512427,고운부부치과의원,병원,제주특별자치도 서귀포시 일주동로 8700,126.5588346,33.25303418,http://place.map.kakao.com/19512427
675,2120511108,그랜드치과의원,병원,제주특별자치도 서귀포시 일주동로 8723,126.5565937,33.25222917,http://place.map.kakao.com/2120511108
676,24505766,다나치과의원,병원,제주특별자치도 서귀포시 중앙로 189,126.5588496,33.26115611,http://place.map.kakao.com/24505766
677,8495820,정안과의원,병원,제주특별자치도 서귀포시 중정로 54-1,126.5622392,33.24751922,http://place.map.kakao.com/8495820
678,9248320,양승철소아청소년과의원,병원,제주특별자치도 서귀포시 중정로 50,126.5616916,33.24736762,http://place.map.kakao.com/9248320
679,13555276,현대산부인과의원,병원,제주특별자치도 서귀포시 동문로 61,126.5670813,33.24938812,http://place.map.kakao.com/13555276
680,8404968,시원한이비인후과,병원,제주특별자치도 서귀포시 중정로 65,126.5633066,33.24801887,http://place.map.kakao.com/8404968
681,23825018,삼성탑내과의원,병원,제주특별자치도 서귀포시 중정로61번길 1,126.5628,33.24803152,http://place.map.kakao.com/23825018
682,27575799,더미인,병원,제주특별자치도 서귀포시 중앙로 46,126.5618607,33.24876034,http://place.map.kakao.com/27575799
683,25807212,서귀포유신경외과의원,병원,제주특별자치도 서귀포시 중앙로 43,126.5615147,33.2484165,http://place.map.kakao.com/25807212
684,25621254,서연의원,병원,제주특별자치도 서귀포시 중정로 123,126.569556,33.24868352,http://place.map.kakao.com/25621254
685,11223486,푸른소아청소년과의원,병원,제주특별자치도 서귀포시 중앙로 35-1,126.5615991,33.24785057,http://place.map.kakao.com/11223486
686,1643561069,대림외과의원,병원,제주특별자치도 서귀포시 중앙로 25-3,126.5615385,33.24708938,http://place.map.kakao.com/1643561069
687,9280886,우리들소아과의원,병원,제주특별자치도 서귀포시 중정로 70,126.5638181,33.24785477,http://place.map.kakao.com/9280886
688,8186972,고은희산부인과,병원,제주특별자치도 서귀포시 중정로 78,126.5646799,33.24804893,http://place.map.kakao.com/8186972
689,18361078,성수치과,병원,제주특별자치도 서귀포시 중정로 76,126.5644702,33.24792197,http://place.map.kakao.com/18361078
690,9321474,윤성현내과의원,병원,제주특별자치도 서귀포시 중정로 38,126.5603868,33.24736662,http://place.map.kakao.com/9321474
691,7888033,박 정신건강의학과의원,병원,제주특별자치도 서귀포시 중정로 53,126.5620199,33.24781238,http://place.map.kakao.com/7888033
692,25099544,형제치과의원,병원,제주특별자치도 서귀포시 중정로 104,126.5673351,33.24839,http://place.map.kakao.com/25099544
693,10412068,미래 치과의원,병원,제주특별자치도 서귀포시 동문로 62-1,126.5667565,33.24909486,http://place.map.kakao.com/10412068
694,9951047,이 내과의원,병원,제주특별자치도 서귀포시 중정로 68-1,126.5638182,33.24784034,http://place.map.kakao.com/9951047
695,8637075,한관지이비인후과의원,병원,제주특별자치도 서귀포시 중정로 56-1,126.562455,33.24748933,http://place.map.kakao.com/8637075
696,11022616,김석홍통증의학과,병원,제주특별자치도 서귀포시 중정로 56-1,126.562455,33.24748933,http://place.map.kakao.com/11022616
697,9371628,정방한의원,병원,제주특별자치도 서귀포시 중앙로42번길 46,126.5664507,33.24930297,http://place.map.kakao.com/9371628
698,8706156,김상훈피부비뇨기과,병원,제주특별자치도 서귀포시 중앙로42번길 9,126.5627632,33.2485327,http://place.map.kakao.com/8706156
699,321397643,서귀포약손한의원,병원,제주특별자치도 서귀포시 중정로 67,126.5634776,33.24815291,http://place.map.kakao.com/321397643
700,9588633,하나의원,병원,제주특별자치도 서귀포시 중정로 76,126.5644359,33.24792906,http://place.map.kakao.com/9588633
701,9781810,동의한의원,병원,제주특별자치도 서귀포시 중정로73번길 2,126.5642154,33.24824206,http://place.map.kakao.com/9781810
702,10018344,해인부부한의원,병원,제주특별자치도 서귀포시 중앙로 43,126.5615545,33.248395,http://place.map.kakao.com/10018344
703,10632990,오만용치과의원,병원,제주특별자치도 서귀포시 중정로 67,126.5634819,33.24814211,http://place.map.kakao.com/10632990
704,19636069,해달한의원,병원,제주특별자치도 서귀포시 중정로 109,126.5681959,33.24878249,http://place.map.kakao.com/19636069
705,25099545,형제한의원,병원,제주특별자치도 서귀포시 중정로 104,126.5673351,33.24839,http://place.map.kakao.com/25099545
706,13551370,이종찬제통의원,병원,제주특별자치도 서귀포시 중앙로 35-1,126.5616206,33.24784704,http://place.map.kakao.com/13551370
707,8315549,미소를 찾는 치과의원,병원,제주특별자치도 서귀포시 중정로 50,126.5616787,33.24739102,http://place.map.kakao.com/8315549
708,13554100,장정훈치과의원,병원,제주특별자치도 서귀포시 중정로 56-1,126.5624679,33.24748937,http://place.map.kakao.com/13554100
709,17048433,김관원치과의원,병원,제주특별자치도 서귀포시 중정로 53,126.5620242,33.24780879,http://place.map.kakao.com/17048433
710,23772631,김익현치과의원,병원,제주특별자치도 서귀포시 중앙로 22,126.5621974,33.24665892,http://place.map.kakao.com/23772631
711,1496513108,백록클리닉,병원,제주특별자치도 서귀포시 중정로 50,126.5616572,33.24739094,http://place.map.kakao.com/1496513108
712,25753261,서귀포365일의원,병원,제주특별자치도 서귀포시 서문로 2,126.5603919,33.25235807,http://place.map.kakao.com/25753261
713,13554136,서귀포빛사랑안과의원,병원,제주특별자치도 서귀포시 동문로 2,126.5615092,33.25231332,http://place.map.kakao.com/13554136
714,27181773,제주성모안과의원,병원,제주특별자치도 서귀포시 동문로 5,126.5620531,33.25234229,http://place.map.kakao.com/27181773
715,14521382,한라힘내과,병원,제주특별자치도 서귀포시 동문로 5,126.5620435,33.25233414,http://place.map.kakao.com/14521382
716,27296675,베스트비뇨기과,병원,제주특별자치도 서귀포시 동문로 5,126.5620704,33.25233153,http://place.map.kakao.com/27296675
717,26879372,강남새힘마취통증의학과의원,병원,제주특별자치도 서귀포시 동문로 8,126.5620206,33.25198874,http://place.map.kakao.com/26879372
718,27187319,양재식내과의원,병원,제주특별자치도 서귀포시 동문로 2,126.561551,33.25232249,http://place.map.kakao.com/27187319
719,139326,해랑소아청소년과의원,병원,제주특별자치도 서귀포시 동문로 5,126.5620703,33.25234235,http://place.map.kakao.com/139326
720,2060324729,연세치과의원,병원,제주특별자치도 서귀포시 중앙로 83,126.5608958,33.25202444,http://place.map.kakao.com/2060324729
721,239955143,서울성모재활의학과의원,병원,제주특별자치도 서귀포시 동문로 5,126.5621004,33.25233614,http://place.map.kakao.com/239955143
722,27365218,양승지외과의원,병원,제주특별자치도 서귀포시 서문로 2,126.560454,33.25237993,http://place.map.kakao.com/27365218
723,1653109794,강한의원,병원,제주특별자치도 서귀포시 서문로 2-1,126.5603366,33.25224607,http://place.map.kakao.com/1653109794
724,13555795,황비뇨기과의원,병원,제주특별자치도 서귀포시 동문로 2,126.5615124,33.25232235,http://place.map.kakao.com/13555795
725,24528020,양동호한의원,병원,제주특별자치도 서귀포시 서문로 2,126.5603962,33.25235087,http://place.map.kakao.com/24528020
726,280988591,광장한의원,병원,제주특별자치도 서귀포시 동문로 4,126.5616631,33.25223272,http://place.map.kakao.com/280988591
727,10768405,참조은 치과의원,병원,제주특별자치도 서귀포시 동문로 2,126.5615209,33.2523332,http://place.map.kakao.com/10768405
728,1941379643,경희세림한의원,병원,제주특별자치도 서귀포시 중앙로 81,126.5609221,33.25191273,http://place.map.kakao.com/1941379643
729,10916967,한용환치과의원,병원,제주특별자치도 서귀포시 중앙로 84,126.5613244,33.25214497,http://place.map.kakao.com/10916967
730,9244609,양치과의원,병원,제주특별자치도 서귀포시 중앙로 85,126.5609379,33.25217967,http://place.map.kakao.com/9244609
731,8899833,대추나무한의원,병원,제주특별자치도 서귀포시 동문로 13,126.5626902,33.25198027,http://place.map.kakao.com/8899833
732,10134285,강성현치과의원,병원,제주특별자치도 서귀포시 동문로 30-2,126.5638718,33.25088083,http://place.map.kakao.com/10134285
733,1256338916,서귀포중앙정형외과의원,병원,제주특별자치도 서귀포시 일주동로 8666,126.562391,33.25366707,http://place.map.kakao.com/1256338916
734,8458109,우리정형외과의원,병원,제주특별자치도 서귀포시 중앙로 106,126.5610916,33.25407003,http://place.map.kakao.com/8458109
735,16289061,서귀포 내과,병원,제주특별자치도 서귀포시 중앙로 89,126.5604037,33.2525745,http://place.map.kakao.com/16289061
736,26928037,시울정신건강의학과의원,병원,제주특별자치도 서귀포시 일주동로 8675,126.5616892,33.25301903,http://place.map.kakao.com/26928037
737,22643142,제주권역재활병원,병원,제주특별자치도 서귀포시 동문로 1,126.562424,33.25286654,http://place.map.kakao.com/22643142
738,1478828937,삼성맘편한신경과의원,병원,제주특별자치도 서귀포시 중앙로 113,126.5605041,33.2548109,http://place.map.kakao.com/1478828937
739,1617995498,로즈앤의원 서귀포점,병원,제주특별자치도 서귀포시 중앙로 89,126.5604315,33.25258722,http://place.map.kakao.com/1617995498
740,24943165,연세안과의원,병원,제주특별자치도 서귀포시 일주동로 8675,126.5616892,33.25301903,http://place.map.kakao.com/24943165
741,9344216,유소아과의원,병원,제주특별자치도 서귀포시 중앙로 93,126.5604114,33.25275125,http://place.map.kakao.com/9344216
742,13549367,제일정형외과,병원,제주특별자치도 서귀포시 일주동로 8675,126.5617064,33.25301549,http://place.map.kakao.com/13549367
743,1292730155,수내과의원,병원,제주특별자치도 서귀포시 일주동로 8675,126.5616892,33.25301903,http://place.map.kakao.com/1292730155
744,13551374,밝은정신과의원,병원,제주특별자치도 서귀포시 중앙로 91,126.5604157,33.25274766,http://place.map.kakao.com/13551374
745,1810926694,윤담한의원,병원,제주특별자치도 서귀포시 중앙로 109,126.5605434,33.25446932,http://place.map.kakao.com/1810926694
746,317653286,스타치과 교정과치과의원,병원,제주특별자치도 서귀포시 일주동로 8671,126.5620366,33.25307255,http://place.map.kakao.com/317653286
747,8836140,다정금이비인후과,병원,제주특별자치도 서귀포시 일주동로 8673,126.5618116,33.25300864,http://place.map.kakao.com/8836140
748,18722403,서귀포 재활의학과의원,병원,제주특별자치도 서귀포시 중앙로 93,126.5604109,33.2528378,http://place.map.kakao.com/18722403
749,9880564,서울치과,병원,제주특별자치도 서귀포시 중앙로 92,126.5615259,33.25284715,http://place.map.kakao.com/9880564
750,11381473,한라이비인후과,병원,제주특별자치도 서귀포시 일주동로 8675,126.5616893,33.253001,http://place.map.kakao.com/11381473
751,1564685020,연세예담의원,병원,제주특별자치도 서귀포시 일주동로 8666,126.562364,33.25369222,http://place.map.kakao.com/1564685020
752,19228902,아름다운의원,병원,제주특별자치도 서귀포시 일주동로 8671,126.5620279,33.25310678,http://place.map.kakao.com/19228902
753,1348002171,러브디바인치과의원,병원,제주특별자치도 서귀포시 중앙로 94,126.5615347,33.25300767,http://place.map.kakao.com/1348002171
754,1582737703,한용헌치과,병원,제주특별자치도 서귀포시 일주동로 8687,126.5602138,33.25276858,http://place.map.kakao.com/1582737703
755,1518789,수마취통증의학과의원,병원,제주특별자치도 서귀포시 중앙로 113,126.5605041,33.2548109,http://place.map.kakao.com/1518789
756,10165866,경희 한의원,병원,제주특별자치도 서귀포시 일주동로 8673,126.5618305,33.25308084,http://place.map.kakao.com/10165866
757,27522662,이사랑치과의원,병원,제주특별자치도 서귀포시 일주동로 8675,126.5616806,33.25302261,http://place.map.kakao.com/27522662
758,11170127,인혜의원,병원,제주특별자치도 서귀포시 중앙로 93,126.5604197,33.25280898,http://place.map.kakao.com/11170127
759,10205450,김성국치과의원,병원,제주특별자치도 서귀포시 일주동로 8673,126.5618349,33.25305922,http://place.map.kakao.com/10205450
760,9105386,서귀포열린병원,병원,제주특별자치도 서귀포시 일주동로 8638,126.5654294,33.25445673,http://place.map.kakao.com/9105386
761,16701572,제일산부인과의원,병원,제주특별자치도 서귀포시 동문로 46,126.5652009,33.25009836,http://place.map.kakao.com/16701572
762,1766702551,유디치과의원 서귀포점,병원,제주특별자치도 서귀포시 일주동로 8629,126.5663726,33.25403085,http://place.map.kakao.com/1766702551
763,535731324,바른손치과,병원,제주특별자치도 서귀포시 일주동로 8621,126.5671626,33.25421663,http://place.map.kakao.com/535731324
764,916767496,서울의원,병원,제주특별자치도 서귀포시 일주동로 8610,126.5684525,33.25487931,http://place.map.kakao.com/916767496
765,16701532,참사랑치과의원,병원,제주특별자치도 서귀포시 중앙로48번길 42,126.5657729,33.25010126,http://place.map.kakao.com/16701532
766,1796203674,캣츠앤독스,병원,제주특별자치도 서귀포시 일주동로 8621,126.5672,33.25424471,http://place.map.kakao.com/1796203674
767,9872734,서귀포의료원,병원,제주특별자치도 서귀포시 장수로 47,126.5642036,33.25537661,http://place.map.kakao.com/9872734
768,11138506,서상록한의원,병원,제주특별자치도 서귀포시 중앙로 121,126.5603721,33.25545239,http://place.map.kakao.com/11138506
769,8064437,제주의료원,병원,제주특별자치도 제주시 산천단남길 10,126.5608768,33.44496657,http://place.map.kakao.com/8064437
770,1835207089,제주의료원 부속요양병원,병원,제주특별자치도 제주시 산천단남길 10,126.5608628,33.44497464,http://place.map.kakao.com/1835207089
771,23966654,태고종노인전문요양원,병원,제주특별자치도 제주시 기와1길 55,126.5607698,33.48752527,http://place.map.kakao.com/23966654
772,1786583416,365경희부부한의원 화북점,병원,제주특별자치도 제주시 일주동로 187,126.5655017,33.51903281,http://place.map.kakao.com/1786583416
773,9067322,박봉철내과의원,병원,제주특별자치도 제주시 일주동로 197,126.5665785,33.51895724,http://place.map.kakao.com/9067322
774,22541819,편안한마취통증의학과의원,병원,제주특별자치도 제주시 일주동로 199,126.5668248,33.51899597,http://place.map.kakao.com/22541819
775,7892062,보스톤치과,병원,제주특별자치도 제주시 일주동로 227,126.5697235,33.51943704,http://place.map.kakao.com/7892062
776,10048866,연세가정의학과의원,병원,제주특별자치도 제주시 일주동로 179,126.5645169,33.51901583,http://place.map.kakao.com/10048866
777,9980491,제주필의원,병원,제주특별자치도 제주시 일주동로 229,126.5699473,33.51944863,http://place.map.kakao.com/9980491
778,9948027,이중철치과의원,병원,제주특별자치도 제주시 일주동로 179,126.5644987,33.51900404,http://place.map.kakao.com/9948027
779,25757832,제일한의원,병원,제주특별자치도 제주시 진남로6길 6,126.5658314,33.51940903,http://place.map.kakao.com/25757832
780,9684557,건강369의원,병원,제주특별자치도 제주시 일주동로 227,126.5698054,33.51941208,http://place.map.kakao.com/9684557
781,8098685,청아치과의원,병원,제주특별자치도 제주시 일주동로 189,126.565808,33.51891127,http://place.map.kakao.com/8098685
782,907175401,동그라미한의원,병원,제주특별자치도 제주시 일주동로 229,126.5699452,33.519436,http://place.map.kakao.com/907175401
783,12342045,그린정형외과의원,병원,제주특별자치도 서귀포시 일주동로 8544,126.5755485,33.25501824,http://place.map.kakao.com/12342045
784,1847087867,제주좋은치과의원,병원,제주특별자치도 서귀포시 일주동로 8544,126.575544,33.2550615,http://place.map.kakao.com/1847087867
785,248954811,킴스연합의원,병원,제주특별자치도 서귀포시 동홍중앙로 49,126.5718781,33.25506336,http://place.map.kakao.com/248954811
786,78527467,우리동홍의원,병원,제주특별자치도 서귀포시 태평로 505,126.5716369,33.2501802,http://place.map.kakao.com/78527467
787,1215160651,유동욱한의원,병원,제주특별자치도 서귀포시 일주동로 8572,126.5724447,33.2550635,http://place.map.kakao.com/1215160651
788,26089120,오지영한의원,병원,제주특별자치도 서귀포시 태평로512번길 4,126.572325,33.25033224,http://place.map.kakao.com/26089120
789,882347530,더맑은이비인후과의원,병원,제주특별자치도 제주시 동화로 28,126.572784,33.51784099,http://place.map.kakao.com/882347530
790,27470047,화북성모안과의원,병원,제주특별자치도 제주시 일주동로 250,126.5719781,33.51974057,http://place.map.kakao.com/27470047
791,8414526,아이세상소아청소년과의원,병원,제주특별자치도 제주시 화삼로1길 14,126.5752746,33.51478234,http://place.map.kakao.com/8414526
792,1246300350,작은성모의원,병원,제주특별자치도 제주시 화삼북로 63,126.5798682,33.51749918,http://place.map.kakao.com/1246300350
793,27271241,꿀의원,병원,제주특별자치도 제주시 동화로 28,126.5728013,33.51782122,http://place.map.kakao.com/27271241
794,9871260,문성철정형외과의원,병원,제주특별자치도 제주시 일주동로 241,126.57094,33.51983435,http://place.map.kakao.com/9871260
795,686210576,제주아이치과의원,병원,제주특별자치도 제주시 동화로 50,126.5728386,33.51570801,http://place.map.kakao.com/686210576
796,19832917,명인플러스의원,병원,제주특별자치도 제주시 동화로 30,126.5728078,33.51759404,http://place.map.kakao.com/19832917
797,12787174,경희미르애한의원,병원,제주특별자치도 제주시 동화로 10,126.5726268,33.51915677,http://place.map.kakao.com/12787174
798,27563323,연세수목화치과,병원,제주특별자치도 제주시 화삼북로 36,126.5767379,33.51708821,http://place.map.kakao.com/27563323
799,1748764196,누가제통마취통증의학과의원,병원,제주특별자치도 제주시 청풍남8길 73,126.5725248,33.51319419,http://place.map.kakao.com/1748764196
800,9393077,이치과의원,병원,제주특별자치도 제주시 동화로 28,126.5727926,33.51783201,http://place.map.kakao.com/9393077
801,22313762,VIP치과의원,병원,제주특별자치도 제주시 일주동로 246,126.5716303,33.51954462,http://place.map.kakao.com/22313762
802,169337241,경희요한한의원,병원,제주특별자치도 제주시 동화로 3,126.5730886,33.51981292,http://place.map.kakao.com/169337241
803,18427086,김원플란트치과의원,병원,제주특별자치도 제주시 화삼로 11,126.5742732,33.51441466,http://place.map.kakao.com/18427086
804,504039390,드림치과의원,병원,제주특별자치도 제주시 화삼로 19,126.57516,33.51443574,http://place.map.kakao.com/504039390
805,1920714016,강윤종소아청소년과의원,병원,제주특별자치도 제주시 일주동로 255,126.5722105,33.52063575,http://place.map.kakao.com/1920714016
806,10054806,화북용한의원,병원,제주특별자치도 제주시 일주동로 260,126.5731345,33.52011602,http://place.map.kakao.com/10054806
807,234560642,서귀포한의원,병원,제주특별자치도 서귀포시 검은여로 191,126.5859692,33.25809727,http://place.map.kakao.com/234560642
808,615622699,사회복지법인제주공생부설임마누엘의원,병원,제주특별자치도 제주시 아봉로 449-1,126.5824772,33.47089369,http://place.map.kakao.com/615622699
809,1506000601,삼화상쾌한의원,병원,제주특별자치도 제주시 화삼북로 68,126.5803548,33.51703741,http://place.map.kakao.com/1506000601
810,1717924677,제주현대안과의원,병원,제주특별자치도 제주시 건주로 31,126.5809824,33.51677807,http://place.map.kakao.com/1717924677
811,1127780582,배정형외과내과의원,병원,제주특별자치도 제주시 건주로 27,126.5811521,33.51709195,http://place.map.kakao.com/1127780582
812,2010764497,강주현피부과의원,병원,제주특별자치도 제주시 건주로 27,126.5811413,33.51708785,http://place.map.kakao.com/2010764497
813,779240498,삼화365플러스의원,병원,제주특별자치도 제주시 건주로 43,126.5810481,33.51567114,http://place.map.kakao.com/779240498
814,232110263,삼화내과의원,병원,제주특별자치도 제주시 건주로 33,126.5809303,33.51643439,http://place.map.kakao.com/232110263
815,2053921524,오나정산부인과의원,병원,제주특별자치도 제주시 건주로 31,126.5809803,33.51677806,http://place.map.kakao.com/2053921524
816,1060843194,정민구소아청소년과의원,병원,제주특별자치도 제주시 건주로4길 6-8,126.5802819,33.51674054,http://place.map.kakao.com/1060843194
817,1561302118,심창은 소아청소년과의원,병원,제주특별자치도 제주시 화삼북로 139,126.5879894,33.51725958,http://place.map.kakao.com/1561302118
818,257945044,로즈마리의원,병원,제주특별자치도 제주시 건주로4길 6-8,126.5802808,33.51674865,http://place.map.kakao.com/257945044
819,1766926835,류정신건강의학과의원,병원,제주특별자치도 제주시 건주로 22,126.5804622,33.51751561,http://place.map.kakao.com/1766926835
820,14182158,삼화치과의원,병원,제주특별자치도 제주시 건주로 43,126.580988,33.51561954,http://place.map.kakao.com/14182158
821,467210652,더사랑치과의원,병원,제주특별자치도 제주시 건주로4길 6-8,126.5802936,33.51676492,http://place.map.kakao.com/467210652
822,1536299616,반딧불의원,병원,제주특별자치도 제주시 건주로6길 62,126.5803371,33.51489697,http://place.map.kakao.com/1536299616
823,664389071,서울휴치과의원,병원,제주특별자치도 제주시 화삼북로 68,126.5802879,33.51706783,http://place.map.kakao.com/664389071
824,655125224,서울미소치과의원,병원,제주특별자치도 제주시 건주로 27,126.5812706,33.51706846,http://place.map.kakao.com/655125224
825,310779964,굿모닝마취통증의학과의원,병원,제주특별자치도 제주시 건주로 31,126.5809824,33.51677807,http://place.map.kakao.com/310779964
826,27520803,닥터강치과,병원,제주특별자치도 제주시 건주로 33,126.5809874,33.51643097,http://place.map.kakao.com/27520803
827,1164901307,튼튼한의원,병원,제주특별자치도 제주시 건주로 33,126.580997,33.51644273,http://place.map.kakao.com/1164901307
828,1980416098,삼화 수한의원,병원,제주특별자치도 제주시 건주로 27,126.5810864,33.51709939,http://place.map.kakao.com/1980416098
829,1632631012,이엠돌담의원,병원,제주특별자치도 제주시 일주동로 393,126.5869605,33.52153782,http://place.map.kakao.com/1632631012
830,462885995,바른몸한의원,병원,제주특별자치도 제주시 일주동로 332-1,126.5803981,33.52099194,http://place.map.kakao.com/462885995
831,10158468,고봉석치과의원,병원,제주특별자치도 제주시 일주동로 375,126.5851201,33.52126389,http://place.map.kakao.com/10158468
832,9172969,선사한의원,병원,제주특별자치도 제주시 선사로 15,126.5863786,33.52281884,http://place.map.kakao.com/9172969
833,9099064,삼양가정의원,병원,제주특별자치도 제주시 일주동로 366,126.5840972,33.52087819,http://place.map.kakao.com/9099064
834,134781040,에이플러스치과의원,병원,제주특별자치도 제주시 번영로 510,126.5956685,33.48942199,http://place.map.kakao.com/134781040
835,741150154,A+치과의원,병원,제주특별자치도 제주시 번영로 510,126.5956546,33.48940752,http://place.map.kakao.com/741150154
836,2127074505,봉개영웅의원,병원,제주특별자치도 제주시 번영로 500,126.5948194,33.49014951,http://place.map.kakao.com/2127074505
837,9056296,봉개의원,병원,제주특별자치도 제주시 삼봉로 327-2,126.594208,33.49388553,http://place.map.kakao.com/9056296
838,9047782,봉개한의원,병원,제주특별자치도 제주시 번영로 477,126.5930827,33.49153408,http://place.map.kakao.com/9047782
839,26041209,제주라파의집,병원,제주특별자치도 서귀포시 하신상로 169,126.6093512,33.2726531,http://place.map.kakao.com/26041209
840,60556588,사랑의의원,병원,제주특별자치도 서귀포시 하신상로 169,126.6093512,33.27265671,http://place.map.kakao.com/60556588
841,11287181,효돈한의원,병원,제주특별자치도 서귀포시 효돈로170번길 8,126.6166365,33.26297785,http://place.map.kakao.com/11287181
842,1470656145,수목 나무병원,병원,제주특별자치도 제주시 조천읍 신촌남1길 69,126.6173229,33.52452675,http://place.map.kakao.com/1470656145
843,1936882313,서울가정의학과의원,병원,제주특별자치도 제주시 조천읍 신촌4길 2,126.6193851,33.53294316,http://place.map.kakao.com/1936882313
844,26466097,경희가족한의원,병원,제주특별자치도 제주시 조천읍 신북로 43,126.6188122,33.53298467,http://place.map.kakao.com/26466097
845,1720989008,경희동원한의원,병원,제주특별자치도 제주시 조천읍 신북로 68,126.6211597,33.53408371,http://place.map.kakao.com/1720989008
846,1059673170,드림힐요양병원,병원,제주특별자치도 제주시 조천읍 번영로 957,126.6390473,33.47596702,http://place.map.kakao.com/1059673170
847,1797283949,제주푸른병원,병원,제주특별자치도 제주시 조천읍 번영로 957,126.6390462,33.47596882,http://place.map.kakao.com/1797283949
848,10038240,행복의원,병원,제주특별자치도 제주시 조천읍 신북로 226,126.6371745,33.53597992,http://place.map.kakao.com/10038240
849,1775214767,365경희부부한의원,병원,제주특별자치도 제주시 조천읍 신북로 241,126.6381043,33.53710693,http://place.map.kakao.com/1775214767
850,1153627273,조천한의원,병원,제주특별자치도 제주시 조천읍 신북로 234,126.6377843,33.53638833,http://place.map.kakao.com/1153627273
851,10794262,조천 부부의원,병원,제주특별자치도 제주시 조천읍 신북로 237,126.6378813,33.5368935,http://place.map.kakao.com/10794262
852,25090943,제주사랑요양병원,병원,제주특별자치도 제주시 조천읍 신조로 203,126.6405622,33.51864224,http://place.map.kakao.com/25090943
853,10063226,영도한의원,병원,제주특별자치도 제주시 조천읍 조천16길 9,126.6409528,33.53820795,http://place.map.kakao.com/10063226
854,135578334,하늘치과의원,병원,제주특별자치도 제주시 조천읍 신북로 460,126.6594439,33.54369588,http://place.map.kakao.com/135578334
855,655262903,위미연세치과의원,병원,제주특별자치도 서귀포시 남원읍 태위로 123,126.6606918,33.2749479,http://place.map.kakao.com/655262903
856,24976040,위미의원,병원,제주특별자치도 서귀포시 남원읍 태위로 123,126.660696,33.27497135,http://place.map.kakao.com/24976040
857,8569251,카포스 중앙차병원,병원,제주특별자치도 서귀포시 남원읍 일주동로 7624,126.6658746,33.27819879,http://place.map.kakao.com/8569251
858,1149428773,함덕연세의원,병원,제주특별자치도 제주시 조천읍 신북로 509,126.6644341,33.5423884,http://place.map.kakao.com/1149428773
859,10565424,제주소망의원,병원,제주특별자치도 제주시 조천읍 신북로 519,126.665311,33.54198353,http://place.map.kakao.com/10565424
860,10927320,함덕의원,병원,제주특별자치도 제주시 조천읍 신북로 501,126.6638257,33.54295863,http://place.map.kakao.com/10927320
861,407634076,연세세브란스치과의원,병원,제주특별자치도 제주시 조천읍 신북로 529,126.6664746,33.5417811,http://place.map.kakao.com/407634076
862,1984749821,함덕튼튼의원,병원,제주특별자치도 제주시 조천읍 신북로 523,126.6659697,33.5420394,http://place.map.kakao.com/1984749821
863,8634071,함덕치과의원,병원,제주특별자치도 제주시 조천읍 신북로 525,126.6661946,33.54179117,http://place.map.kakao.com/8634071
864,10592181,약손 한의원,병원,제주특별자치도 제주시 조천읍 함덕10길 2,126.6643548,33.54202421,http://place.map.kakao.com/10592181
865,10712608,정성치과의원,병원,제주특별자치도 제주시 조천읍 신북로 548,126.6681573,33.54097419,http://place.map.kakao.com/10712608
866,1733461064,함덕튼튼재활의학과의원,병원,제주특별자치도 제주시 조천읍 신북로 523,126.6659697,33.5420394,http://place.map.kakao.com/1733461064
867,10917325,함덕한의원,병원,제주특별자치도 제주시 조천읍 신북로 514,126.6646049,33.54194555,http://place.map.kakao.com/10917325
868,16601342,하나로의원,병원,제주특별자치도 제주시 조천읍 함와로 40,126.674323,33.53677471,http://place.map.kakao.com/16601342
869,9751785,남원의원,병원,제주특별자치도 서귀포시 남원읍 태위로 636,126.714601,33.27781169,http://place.map.kakao.com/9751785
870,25757843,우리들치과의원,병원,제주특별자치도 서귀포시 남원읍 태위로 687,126.7198684,33.279443,http://place.map.kakao.com/25757843
871,10202902,꽃사슴한의원,병원,제주특별자치도 서귀포시 남원읍 태위로 665-1,126.7177447,33.27891164,http://place.map.kakao.com/10202902
872,10190386,남원치과의원,병원,제주특별자치도 서귀포시 남원읍 태위로 683,126.7193662,33.27938416,http://place.map.kakao.com/10190386
873,296818043,드림통증의원,병원,제주특별자치도 서귀포시 남원읍 태위로 629,126.7140699,33.2780521,http://place.map.kakao.com/296818043
874,1931100147,돌담치과의원,병원,제주특별자치도 서귀포시 남원읍 태위로 684,126.7196374,33.2791792,http://place.map.kakao.com/1931100147
875,9742445,김의신치과의원,병원,제주특별자치도 서귀포시 남원읍 태위로 665-1,126.7177533,33.27892248,http://place.map.kakao.com/9742445
876,19189631,우리통증의원,병원,제주특별자치도 서귀포시 남원읍 태위로 629,126.7140806,33.27805573,http://place.map.kakao.com/19189631
877,14624210,남원수의과병원,병원,제주특별자치도 서귀포시 남원읍 태위로 687,126.7198597,33.27950068,http://place.map.kakao.com/14624210
878,15216301,남원고려의원,병원,제주특별자치도 서귀포시 남원읍 태위로 691,126.7203059,33.27960267,http://place.map.kakao.com/15216301
879,11264505,한마음한의원,병원,제주특별자치도 서귀포시 남원읍 태위로689번길 3,126.7200047,33.27978593,http://place.map.kakao.com/11264505
880,13029175,남원 한의원,병원,제주특별자치도 서귀포시 남원읍 태위로 709,126.7221034,33.2801008,http://place.map.kakao.com/13029175
881,1745802087,김녕경희한의원,병원,제주특별자치도 제주시 구좌읍 김녕로 95-1,126.7483087,33.55434074,http://place.map.kakao.com/1745802087
882,9737154,김녕한의원,병원,제주특별자치도 제주시 구좌읍 김녕로 102-1,126.7490072,33.55408971,http://place.map.kakao.com/9737154
883,10511460,새김녕의원,병원,제주특별자치도 제주시 구좌읍 김녕로 116,126.7504403,33.55454701,http://place.map.kakao.com/10511460
884,1556531446,간판병원,병원,제주특별자치도 서귀포시 표선면 번영로 3512-10,126.8278924,33.33586879,http://place.map.kakao.com/1556531446
885,10885723,표선연세의원,병원,제주특별자치도 서귀포시 표선면 표선관정로 97,126.8308708,33.3243077,http://place.map.kakao.com/10885723
886,1516193492,정온정형외과의원,병원,제주특별자치도 서귀포시 표선면 표선관정로 97,126.8308578,33.32433564,http://place.map.kakao.com/1516193492
887,1229331747,해비치의원,병원,제주특별자치도 서귀포시 표선면 표선중앙로 86,126.8331063,33.32571997,http://place.map.kakao.com/1229331747
888,9992243,표선의원,병원,제주특별자치도 서귀포시 표선면 표선동서로 225,126.8316227,33.32425012,http://place.map.kakao.com/9992243
889,10874110,표선삼성의원,병원,제주특별자치도 서귀포시 표선면 표선중앙로80번길 1,126.8324699,33.32601846,http://place.map.kakao.com/10874110
890,258448600,인술한의원,병원,제주특별자치도 서귀포시 표선면 표선동서로 252,126.8331182,33.32624293,http://place.map.kakao.com/258448600
891,1888010781,서울리더스치과의원,병원,제주특별자치도 서귀포시 표선면 표선동서로 246,126.8327927,33.32571955,http://place.map.kakao.com/1888010781
892,8728740,강성백치과의원,병원,제주특별자치도 서귀포시 표선면 표선중앙로 79,126.832653,33.32629731,http://place.map.kakao.com/8728740
893,1168810022,필한의원,병원,제주특별자치도 서귀포시 표선면 표선동서로 236,126.8324904,33.32485989,http://place.map.kakao.com/1168810022
894,24528022,표선경희한의원,병원,제주특별자치도 서귀포시 표선면 표선관정로104번길 4,126.8308544,33.32391006,http://place.map.kakao.com/24528022
895,10022886,표선한의원,병원,제주특별자치도 서귀포시 표선면 표선중앙로 78,126.8322847,33.3262887,http://place.map.kakao.com/10022886
896,1028113467,표선치과의원,병원,제주특별자치도 서귀포시 표선면 표선동서로 246,126.8327926,33.32571955,http://place.map.kakao.com/1028113467
897,10806053,표선하늘의원,병원,제주특별자치도 서귀포시 표선면 표선동서로 246,126.8327927,33.32571594,http://place.map.kakao.com/10806053
898,8640629,가축병원,병원,제주특별자치도 서귀포시 표선면 표선관정로 113-5,126.8321261,33.32384327,http://place.map.kakao.com/8640629
899,17605279,연세내과의원,병원,제주특별자치도 제주시 구좌읍 세화3길 2,126.8559615,33.52358078,http://place.map.kakao.com/17605279
900,554844478,청담한의원,병원,제주특별자치도 제주시 구좌읍 구좌로 70,126.8580397,33.52184128,http://place.map.kakao.com/554844478
901,35418616,동부연합의원,병원,제주특별자치도 제주시 구좌읍 일주동로 3113,126.8524528,33.52324486,http://place.map.kakao.com/35418616
902,8836048,구좌의원,병원,제주특별자치도 제주시 구좌읍 세화12길 1,126.8592793,33.52083291,http://place.map.kakao.com/8836048
903,8915178,세화한의원,병원,제주특별자치도 제주시 구좌읍 구좌로 47,126.8566207,33.52330024,http://place.map.kakao.com/8915178
904,1403799744,세화방치과의원,병원,제주특별자치도 제주시 구좌읍 구좌로 40,126.8556735,33.5232739,http://place.map.kakao.com/1403799744
905,15201500,구좌치과의원,병원,제주특별자치도 제주시 구좌읍 구좌로 51,126.8570041,33.52322856,http://place.map.kakao.com/15201500
906,823990666,경희효한의원,병원,제주특별자치도 제주시 구좌읍 세화10길 2,126.8586438,33.52105758,http://place.map.kakao.com/823990666
907,9130028,세화의원,병원,제주특별자치도 제주시 구좌읍 세화5길 2,126.8566765,33.52342292,http://place.map.kakao.com/9130028
908,10560464,세화치과의원,병원,제주특별자치도 제주시 구좌읍 구좌로 47,126.8566197,33.52328672,http://place.map.kakao.com/10560464
909,9193255,마디의원,병원,제주특별자치도 서귀포시 성산읍 일출로 4,126.9132966,33.44710224,http://place.map.kakao.com/9193255
910,26616773,성산제일정형외과의원,병원,제주특별자치도 서귀포시 성산읍 동류암로36번길 16,126.9158622,33.44988097,http://place.map.kakao.com/26616773
911,18813506,최선365의원,병원,제주특별자치도 서귀포시 성산읍 고성오조로 67,126.9145159,33.44957711,http://place.map.kakao.com/18813506
912,15376679,우리의원,병원,제주특별자치도 서귀포시 성산읍 동류암로36번길 23,126.9150752,33.44962077,http://place.map.kakao.com/15376679
913,8813787,김주영한의원,병원,제주특별자치도 서귀포시 성산읍 동류암로 51-1,126.9151144,33.44907623,http://place.map.kakao.com/8813787
914,26455583,고성치과의원,병원,제주특별자치도 서귀포시 성산읍 서성일로 1235,126.9104422,33.44704522,http://place.map.kakao.com/26455583
915,10470692,성산의원,병원,제주특별자치도 서귀포시 성산읍 고성동서로56번길 16,126.9145071,33.44978267,http://place.map.kakao.com/10470692
916,19120353,서울경희한의원,병원,제주특별자치도 서귀포시 성산읍 고성오조로 68-1,126.915032,33.44979385,http://place.map.kakao.com/19120353
917,464950954,성산한의원,병원,제주특별자치도 서귀포시 성산읍 일출로 14-8,126.9137397,33.44706649,http://place.map.kakao.com/464950954
918,9725167,동남의원,병원,제주특별자치도 서귀포시 성산읍 고성오조로 74,126.9149498,33.4502446,http://place.map.kakao.com/9725167
919,10296481,동남치과의원,병원,제주특별자치도 서귀포시 성산읍 고성오조로 71-1,126.9145799,33.45013616,http://place.map.kakao.com/10296481
920,14507706,삼성한의원,병원,제주특별자치도 서귀포시 성산읍 고성오조로 98-1,126.9143367,33.45248739,http://place.map.kakao.com/14507706
921,1127935925,데움한의원,병원,제주특별자치도 서귀포시 성산읍 오조로 85,126.9149862,33.46148591,http://place.map.kakao.com/1127935925
